experiment,method,seed,sample_idx,instruction_count,cumulative_instruction_count,sample_name,cov_report,coverage_report_s,block_pct,block_covered,block_total,block_uncovered,branch_pct,branch_covered,branch_total,branch_uncovered,statement_pct,statement_covered,statement_total,statement_uncovered,expression_pct,expression_covered,expression_total,expression_uncovered,toggle_pct,toggle_covered,toggle_total,toggle_uncovered,statement_dup_pct,statement_dup_covered,statement_dup_total,statement_dup_uncovered,fsm_pct,fsm_covered,fsm_total,fsm_uncovered,assertion_pct,assertion_covered,assertion_total,assertion_uncovered,covergroup_pct,covergroup_covered,covergroup_total,covergroup_uncovered
ibex_200k_riscvdv_baseline,baseline_riscvdv_200k_dense_seed888,888,1,1000,1000,bsd_cov_sample_001000,/home/lvzhengyang/workspace/BSD-Cov/designs/ibex/dv/bsdcov/experiments/ibex_riscvdv/baseline_200k/sample_cov/baseline_riscvdv_200k_dense_seed888/bsd_cov_sample_001000/report/cov_report.txt,119.49534058599966,77.58,10846,13980,1703,58.3,4082,7002,358,78.75,11359,14425,2371,66.98,3840,5733,5063,65.93,24075,36515,9322,78.75,11359,14425,2371,60.87,84,138,,95.9,374,390,52,6.71,1312,19552,
ibex_200k_riscvdv_baseline,baseline_riscvdv_200k_dense_seed888,888,2,2000,2000,bsd_cov_sample_002000,/home/lvzhengyang/workspace/BSD-Cov/designs/ibex/dv/bsdcov/experiments/ibex_riscvdv/baseline_200k/sample_cov/baseline_riscvdv_200k_dense_seed888/bsd_cov_sample_002000/report/cov_report.txt,121.22351622401038,78.21,10934,13980,1703,59.55,4170,7002,358,79.47,11463,14425,2371,67.43,3866,5733,5063,67.01,24470,36515,9322,79.47,11463,14425,2371,60.87,84,138,,95.9,374,390,52,7.15,1398,19552,
ibex_200k_riscvdv_baseline,baseline_riscvdv_200k_dense_seed888,888,3,3000,3000,bsd_cov_sample_003000,/home/lvzhengyang/workspace/BSD-Cov/designs/ibex/dv/bsdcov/experiments/ibex_riscvdv/baseline_200k/sample_cov/baseline_riscvdv_200k_dense_seed888/bsd_cov_sample_003000/report/cov_report.txt,121.89186587597942,78.4,10960,13980,1703,59.93,4196,7002,358,79.66,11491,14425,2371,67.8,3887,5733,5063,67.45,24631,36515,9322,79.66,11491,14425,2371,60.87,84,138,,95.9,374,390,52,7.58,1482,19552,
ibex_200k_riscvdv_baseline,baseline_riscvdv_200k_dense_seed888,888,4,4000,4000,bsd_cov_sample_004000,/home/lvzhengyang/workspace/BSD-Cov/designs/ibex/dv/bsdcov/experiments/ibex_riscvdv/baseline_200k/sample_cov/baseline_riscvdv_200k_dense_seed888/bsd_cov_sample_004000/report/cov_report.txt,121.35740830202121,78.47,10970,13980,1703,60.07,4206,7002,358,79.73,11501,14425,2371,67.89,3892,5733,5063,67.84,24770,36515,9322,79.73,11501,14425,2371,60.87,84,138,,95.9,374,390,52,7.79,1524,19552,
ibex_200k_riscvdv_baseline,baseline_riscvdv_200k_dense_seed888,888,5,5000,5000,bsd_cov_sample_005000,/home/lvzhengyang/workspace/BSD-Cov/designs/ibex/dv/bsdcov/experiments/ibex_riscvdv/baseline_200k/sample_cov/baseline_riscvdv_200k_dense_seed888/bsd_cov_sample_005000/report/cov_report.txt,122.49565892701503,78.57,10984,13980,1703,60.27,4220,7002,358,79.84,11517,14425,2371,67.96,3896,5733,5063,68.32,24946,36515,9322,79.84,11517,14425,2371,60.87,84,138,,95.9,374,390,52,7.92,1548,19552,
ibex_200k_riscvdv_baseline,baseline_riscvdv_200k_dense_seed888,888,6,6000,6000,bsd_cov_sample_006000,/home/lvzhengyang/workspace/BSD-Cov/designs/ibex/dv/bsdcov/experiments/ibex_riscvdv/baseline_200k/sample_cov/baseline_riscvdv_200k_dense_seed888/bsd_cov_sample_006000/report/cov_report.txt,121.02520036097849,78.61,10989,13980,1703,60.34,4225,7002,358,79.89,11524,14425,2371,68.01,3899,5733,5063,68.38,24970,36515,9322,79.89,11524,14425,2371,60.87,84,138,,95.9,374,390,52,7.98,1560,19552,
ibex_200k_riscvdv_baseline,baseline_riscvdv_200k_dense_seed888,888,7,7000,7000,bsd_cov_sample_007000,/home/lvzhengyang/workspace/BSD-Cov/designs/ibex/dv/bsdcov/experiments/ibex_riscvdv/baseline_200k/sample_cov/baseline_riscvdv_200k_dense_seed888/bsd_cov_sample_007000/report/cov_report.txt,120.9022149220109,78.81,11017,13980,1703,60.63,4245,7002,358,80.21,11570,14425,2371,68.25,3913,5733,5063,68.44,24992,36515,9322,80.21,11570,14425,2371,60.87,84,138,,95.9,374,390,52,8.01,1566,19552,
ibex_200k_riscvdv_baseline,baseline_riscvdv_200k_dense_seed888,888,8,8000,8000,bsd_cov_sample_008000,/home/lvzhengyang/workspace/BSD-Cov/designs/ibex/dv/bsdcov/experiments/ibex_riscvdv/baseline_200k/sample_cov/baseline_riscvdv_200k_dense_seed888/bsd_cov_sample_008000/report/cov_report.txt,120.187101160991,78.93,11035,13980,1703,60.83,4259,7002,358,80.33,11588,14425,2371,68.36,3919,5733,5063,68.57,25040,36515,9322,80.33,11588,14425,2371,60.87,84,138,,95.9,374,390,52,8.09,1582,19552,
ibex_200k_riscvdv_baseline,baseline_riscvdv_200k_dense_seed888,888,9,9000,9000,bsd_cov_sample_009000,/home/lvzhengyang/workspace/BSD-Cov/designs/ibex/dv/bsdcov/experiments/ibex_riscvdv/baseline_200k/sample_cov/baseline_riscvdv_200k_dense_seed888/bsd_cov_sample_009000/report/cov_report.txt,120.08421596203698,78.99,11043,13980,1703,60.88,4263,7002,358,80.37,11594,14425,2371,68.43,3923,5733,5063,68.63,25062,36515,9322,80.37,11594,14425,2371,60.87,84,138,,95.9,374,390,52,8.1,1584,19552,
ibex_200k_riscvdv_baseline,baseline_riscvdv_200k_dense_seed888,888,10,10000,10000,bsd_cov_sample_010000,/home/lvzhengyang/workspace/BSD-Cov/designs/ibex/dv/bsdcov/experiments/ibex_riscvdv/baseline_200k/sample_cov/baseline_riscvdv_200k_dense_seed888/bsd_cov_sample_010000/report/cov_report.txt,120.61099367099814,79.02,11047,13980,1703,60.94,4267,7002,358,80.4,11598,14425,2371,68.43,3923,5733,5063,69.17,25256,36515,9322,80.4,11598,14425,2371,60.87,84,138,,95.9,374,390,52,8.1,1584,19552,
ibex_200k_riscvdv_baseline,baseline_riscvdv_200k_dense_seed888,888,11,11000,11000,bsd_cov_sample_011000,/home/lvzhengyang/workspace/BSD-Cov/designs/ibex/dv/bsdcov/experiments/ibex_riscvdv/baseline_200k/sample_cov/baseline_riscvdv_200k_dense_seed888/bsd_cov_sample_011000/report/cov_report.txt,120.51407421304611,79.03,11049,13980,1703,60.97,4269,7002,358,80.42,11600,14425,2371,68.43,3923,5733,5063,69.4,25340,36515,9322,80.42,11600,14425,2371,60.87,84,138,,95.9,374,390,52,8.11,1586,19552,
ibex_200k_riscvdv_baseline,baseline_riscvdv_200k_dense_seed888,888,12,12000,12000,bsd_cov_sample_012000,/home/lvzhengyang/workspace/BSD-Cov/designs/ibex/dv/bsdcov/experiments/ibex_riscvdv/baseline_200k/sample_cov/baseline_riscvdv_200k_dense_seed888/bsd_cov_sample_012000/report/cov_report.txt,121.27566992701031,79.05,11051,13980,1703,61.0,4271,7002,358,80.43,11602,14425,2371,68.46,3925,5733,5063,69.42,25348,36515,9322,80.43,11602,14425,2371,60.87,84,138,,95.9,374,390,52,8.11,1586,19552,
ibex_200k_riscvdv_baseline,baseline_riscvdv_200k_dense_seed888,888,13,13000,13000,bsd_cov_sample_013000,/home/lvzhengyang/workspace/BSD-Cov/designs/ibex/dv/bsdcov/experiments/ibex_riscvdv/baseline_200k/sample_cov/baseline_riscvdv_200k_dense_seed888/bsd_cov_sample_013000/report/cov_report.txt,112.59018495801138,79.05,11051,13980,1703,61.0,4271,7002,358,80.43,11602,14425,2371,68.46,3925,5733,5063,69.46,25364,36515,9322,80.43,11602,14425,2371,60.87,84,138,,95.9,374,390,52,8.12,1588,19552,
ibex_200k_riscvdv_baseline,baseline_riscvdv_200k_dense_seed888,888,14,14000,14000,bsd_cov_sample_014000,/home/lvzhengyang/workspace/BSD-Cov/designs/ibex/dv/bsdcov/experiments/ibex_riscvdv/baseline_200k/sample_cov/baseline_riscvdv_200k_dense_seed888/bsd_cov_sample_014000/report/cov_report.txt,113.64405486400938,79.09,11057,13980,1703,61.08,4277,7002,358,80.47,11608,14425,2371,68.48,3926,5733,5063,69.77,25478,36515,9322,80.47,11608,14425,2371,60.87,84,138,,95.9,374,390,52,8.14,1592,19552,
ibex_200k_riscvdv_baseline,baseline_riscvdv_200k_dense_seed888,888,15,15000,15000,bsd_cov_sample_015000,/home/lvzhengyang/workspace/BSD-Cov/designs/ibex/dv/bsdcov/experiments/ibex_riscvdv/baseline_200k/sample_cov/baseline_riscvdv_200k_dense_seed888/bsd_cov_sample_015000/report/cov_report.txt,114.9076291899546,79.15,11065,13980,1703,61.2,4285,7002,358,80.53,11616,14425,2371,68.48,3926,5733,5063,70.07,25586,36515,9322,80.53,11616,14425,2371,60.87,84,138,,95.9,374,390,52,8.17,1598,19552,
ibex_200k_riscvdv_baseline,baseline_riscvdv_200k_dense_seed888,888,16,16000,16000,bsd_cov_sample_016000,/home/lvzhengyang/workspace/BSD-Cov/designs/ibex/dv/bsdcov/experiments/ibex_riscvdv/baseline_200k/sample_cov/baseline_riscvdv_200k_dense_seed888/bsd_cov_sample_016000/report/cov_report.txt,110.25796659500338,79.33,11091,13980,1703,61.37,4297,7002,358,80.86,11664,14425,2371,68.55,3930,5733,5063,70.09,25592,36515,9322,80.86,11664,14425,2371,60.87,84,138,,95.9,374,390,52,8.17,1598,19552,
ibex_200k_riscvdv_baseline,baseline_riscvdv_200k_dense_seed888,888,17,17000,17000,bsd_cov_sample_017000,/home/lvzhengyang/workspace/BSD-Cov/designs/ibex/dv/bsdcov/experiments/ibex_riscvdv/baseline_200k/sample_cov/baseline_riscvdv_200k_dense_seed888/bsd_cov_sample_017000/report/cov_report.txt,114.07880536402809,79.35,11093,13980,1703,61.4,4299,7002,358,80.87,11666,14425,2371,68.59,3932,5733,5063,70.12,25603,36515,9322,80.87,11666,14425,2371,60.87,84,138,,95.9,374,390,52,8.17,1598,19552,
ibex_200k_riscvdv_baseline,baseline_riscvdv_200k_dense_seed888,888,18,18000,18000,bsd_cov_sample_018000,/home/lvzhengyang/workspace/BSD-Cov/designs/ibex/dv/bsdcov/experiments/ibex_riscvdv/baseline_200k/sample_cov/baseline_riscvdv_200k_dense_seed888/bsd_cov_sample_018000/report/cov_report.txt,114.21600120904623,79.36,11095,13980,1703,61.43,4301,7002,358,80.87,11666,14425,2371,68.59,3932,5733,5063,70.21,25639,36515,9322,80.87,11666,14425,2371,60.87,84,138,,95.9,374,390,52,8.22,1608,19552,
ibex_200k_riscvdv_baseline,baseline_riscvdv_200k_dense_seed888,888,19,19000,19000,bsd_cov_sample_019000,/home/lvzhengyang/workspace/BSD-Cov/designs/ibex/dv/bsdcov/experiments/ibex_riscvdv/baseline_200k/sample_cov/baseline_riscvdv_200k_dense_seed888/bsd_cov_sample_019000/report/cov_report.txt,114.36801828996977,79.41,11101,13980,1703,61.51,4307,7002,358,80.92,11672,14425,2371,68.59,3932,5733,5063,70.28,25663,36515,9322,80.92,11672,14425,2371,60.87,84,138,,95.9,374,390,52,8.22,1608,19552,
ibex_200k_riscvdv_baseline,baseline_riscvdv_200k_dense_seed888,888,20,20000,20000,bsd_cov_sample_020000,/home/lvzhengyang/workspace/BSD-Cov/designs/ibex/dv/bsdcov/experiments/ibex_riscvdv/baseline_200k/sample_cov/baseline_riscvdv_200k_dense_seed888/bsd_cov_sample_020000/report/cov_report.txt,113.72750307701062,79.42,11103,13980,1703,61.54,4309,7002,358,80.93,11674,14425,2371,68.59,3932,5733,5063,70.3,25669,36515,9322,80.93,11674,14425,2371,60.87,84,138,,95.9,374,390,52,8.22,1608,19552,
ibex_200k_riscvdv_baseline,baseline_riscvdv_200k_dense_seed888,888,21,21000,21000,bsd_cov_sample_021000,/home/lvzhengyang/workspace/BSD-Cov/designs/ibex/dv/bsdcov/experiments/ibex_riscvdv/baseline_200k/sample_cov/baseline_riscvdv_200k_dense_seed888/bsd_cov_sample_021000/report/cov_report.txt,116.45626635896042,79.45,11107,13980,1703,61.6,4313,7002,358,80.97,11680,14425,2371,68.62,3934,5733,5063,70.33,25681,36515,9322,80.97,11680,14425,2371,60.87,84,138,,95.9,374,390,52,8.22,1608,19552,
ibex_200k_riscvdv_baseline,baseline_riscvdv_200k_dense_seed888,888,22,22000,22000,bsd_cov_sample_022000,/home/lvzhengyang/workspace/BSD-Cov/designs/ibex/dv/bsdcov/experiments/ibex_riscvdv/baseline_200k/sample_cov/baseline_riscvdv_200k_dense_seed888/bsd_cov_sample_022000/report/cov_report.txt,113.5924342770013,79.45,11107,13980,1703,61.6,4313,7002,358,80.97,11680,14425,2371,68.62,3934,5733,5063,70.51,25747,36515,9322,80.97,11680,14425,2371,60.87,84,138,,95.9,374,390,52,8.23,1610,19552,
ibex_200k_riscvdv_baseline,baseline_riscvdv_200k_dense_seed888,888,23,23000,23000,bsd_cov_sample_023000,/home/lvzhengyang/workspace/BSD-Cov/designs/ibex/dv/bsdcov/experiments/ibex_riscvdv/baseline_200k/sample_cov/baseline_riscvdv_200k_dense_seed888/bsd_cov_sample_023000/report/cov_report.txt,115.99804918299196,79.49,11113,13980,1703,61.68,4319,7002,358,81.01,11686,14425,2371,68.62,3934,5733,5063,70.6,25781,36515,9322,81.01,11686,14425,2371,60.87,84,138,,95.9,374,390,52,8.23,1610,19552,
ibex_200k_riscvdv_baseline,baseline_riscvdv_200k_dense_seed888,888,24,24000,24000,bsd_cov_sample_024000,/home/lvzhengyang/workspace/BSD-Cov/designs/ibex/dv/bsdcov/experiments/ibex_riscvdv/baseline_200k/sample_cov/baseline_riscvdv_200k_dense_seed888/bsd_cov_sample_024000/report/cov_report.txt,115.7266863519908,79.52,11117,13980,1703,61.74,4323,7002,358,81.04,11690,14425,2371,68.62,3934,5733,5063,70.64,25793,36515,9322,81.04,11690,14425,2371,60.87,84,138,,95.9,374,390,52,8.24,1612,19552,
ibex_200k_riscvdv_baseline,baseline_riscvdv_200k_dense_seed888,888,25,25000,25000,bsd_cov_sample_025000,/home/lvzhengyang/workspace/BSD-Cov/designs/ibex/dv/bsdcov/experiments/ibex_riscvdv/baseline_200k/sample_cov/baseline_riscvdv_200k_dense_seed888/bsd_cov_sample_025000/report/cov_report.txt,116.85927014501067,79.56,11123,13980,1703,61.83,4329,7002,358,81.05,11692,14425,2371,68.62,3934,5733,5063,70.72,25825,36515,9322,81.05,11692,14425,2371,60.87,84,138,,95.9,374,390,52,8.46,1654,19552,
ibex_200k_riscvdv_baseline,baseline_riscvdv_200k_dense_seed888,888,26,26000,26000,bsd_cov_sample_026000,/home/lvzhengyang/workspace/BSD-Cov/designs/ibex/dv/bsdcov/experiments/ibex_riscvdv/baseline_200k/sample_cov/baseline_riscvdv_200k_dense_seed888/bsd_cov_sample_026000/report/cov_report.txt,114.56857126700925,79.59,11127,13980,1703,61.88,4333,7002,358,81.08,11696,14425,2371,68.62,3934,5733,5063,70.75,25835,36515,9322,81.08,11696,14425,2371,60.87,84,138,,95.9,374,390,52,8.46,1654,19552,
ibex_200k_riscvdv_baseline,baseline_riscvdv_200k_dense_seed888,888,27,27000,27000,bsd_cov_sample_027000,/home/lvzhengyang/workspace/BSD-Cov/designs/ibex/dv/bsdcov/experiments/ibex_riscvdv/baseline_200k/sample_cov/baseline_riscvdv_200k_dense_seed888/bsd_cov_sample_027000/report/cov_report.txt,113.34085327299545,79.61,11129,13980,1703,61.91,4335,7002,358,81.1,11698,14425,2371,68.62,3934,5733,5063,70.8,25853,36515,9322,81.1,11698,14425,2371,60.87,84,138,,95.9,374,390,52,8.47,1656,19552,
ibex_200k_riscvdv_baseline,baseline_riscvdv_200k_dense_seed888,888,28,28000,28000,bsd_cov_sample_028000,/home/lvzhengyang/workspace/BSD-Cov/designs/ibex/dv/bsdcov/experiments/ibex_riscvdv/baseline_200k/sample_cov/baseline_riscvdv_200k_dense_seed888/bsd_cov_sample_028000/report/cov_report.txt,112.66842846904183,79.64,11133,13980,1703,61.97,4339,7002,358,81.12,11702,14425,2371,68.62,3934,5733,5063,70.84,25869,36515,9322,81.12,11702,14425,2371,60.87,84,138,,95.9,374,390,52,8.47,1656,19552,
ibex_200k_riscvdv_baseline,baseline_riscvdv_200k_dense_seed888,888,29,29000,29000,bsd_cov_sample_029000,/home/lvzhengyang/workspace/BSD-Cov/designs/ibex/dv/bsdcov/experiments/ibex_riscvdv/baseline_200k/sample_cov/baseline_riscvdv_200k_dense_seed888/bsd_cov_sample_029000/report/cov_report.txt,109.026177020045,79.64,11133,13980,1703,61.97,4339,7002,358,81.12,11702,14425,2371,68.62,3934,5733,5063,70.84,25869,36515,9322,81.12,11702,14425,2371,60.87,84,138,,95.9,374,390,52,8.47,1656,19552,
ibex_200k_riscvdv_baseline,baseline_riscvdv_200k_dense_seed888,888,30,30000,30000,bsd_cov_sample_030000,/home/lvzhengyang/workspace/BSD-Cov/designs/ibex/dv/bsdcov/experiments/ibex_riscvdv/baseline_200k/sample_cov/baseline_riscvdv_200k_dense_seed888/bsd_cov_sample_030000/report/cov_report.txt,110.67061420303071,79.68,11139,13980,1703,62.05,4345,7002,358,81.16,11708,14425,2371,68.62,3934,5733,5063,70.91,25891,36515,9322,81.16,11708,14425,2371,60.87,84,138,,95.9,374,390,52,8.47,1656,19552,
ibex_200k_riscvdv_baseline,baseline_riscvdv_200k_dense_seed888,888,31,31000,31000,bsd_cov_sample_031000,/home/lvzhengyang/workspace/BSD-Cov/designs/ibex/dv/bsdcov/experiments/ibex_riscvdv/baseline_200k/sample_cov/baseline_riscvdv_200k_dense_seed888/bsd_cov_sample_031000/report/cov_report.txt,111.96212087501772,79.68,11139,13980,1703,62.05,4345,7002,358,81.16,11708,14425,2371,68.62,3934,5733,5063,71.04,25939,36515,9322,81.16,11708,14425,2371,60.87,84,138,,95.9,374,390,52,8.47,1656,19552,
ibex_200k_riscvdv_baseline,baseline_riscvdv_200k_dense_seed888,888,32,32000,32000,bsd_cov_sample_032000,/home/lvzhengyang/workspace/BSD-Cov/designs/ibex/dv/bsdcov/experiments/ibex_riscvdv/baseline_200k/sample_cov/baseline_riscvdv_200k_dense_seed888/bsd_cov_sample_032000/report/cov_report.txt,116.86041012400528,79.71,11143,13980,1703,62.11,4349,7002,358,81.21,11714,14425,2371,68.66,3936,5733,5063,71.08,25955,36515,9322,81.21,11714,14425,2371,60.87,84,138,,95.9,374,390,52,8.49,1660,19552,
ibex_200k_riscvdv_baseline,baseline_riscvdv_200k_dense_seed888,888,33,33000,33000,bsd_cov_sample_033000,/home/lvzhengyang/workspace/BSD-Cov/designs/ibex/dv/bsdcov/experiments/ibex_riscvdv/baseline_200k/sample_cov/baseline_riscvdv_200k_dense_seed888/bsd_cov_sample_033000/report/cov_report.txt,111.18545438197907,79.75,11149,13980,1703,62.18,4354,7002,358,81.26,11722,14425,2371,68.69,3938,5733,5063,71.15,25979,36515,9322,81.26,11722,14425,2371,60.87,84,138,,95.9,374,390,52,8.53,1668,19552,
ibex_200k_riscvdv_baseline,baseline_riscvdv_200k_dense_seed888,888,34,34000,34000,bsd_cov_sample_034000,/home/lvzhengyang/workspace/BSD-Cov/designs/ibex/dv/bsdcov/experiments/ibex_riscvdv/baseline_200k/sample_cov/baseline_riscvdv_200k_dense_seed888/bsd_cov_sample_034000/report/cov_report.txt,113.33978834695881,79.76,11151,13980,1703,62.21,4356,7002,358,81.28,11724,14425,2371,68.69,3938,5733,5063,71.16,25985,36515,9322,81.28,11724,14425,2371,60.87,84,138,,95.9,374,390,52,8.53,1668,19552,
ibex_200k_riscvdv_baseline,baseline_riscvdv_200k_dense_seed888,888,35,35000,35000,bsd_cov_sample_035000,/home/lvzhengyang/workspace/BSD-Cov/designs/ibex/dv/bsdcov/experiments/ibex_riscvdv/baseline_200k/sample_cov/baseline_riscvdv_200k_dense_seed888/bsd_cov_sample_035000/report/cov_report.txt,114.68682872795034,79.79,11155,13980,1703,62.27,4360,7002,358,81.3,11728,14425,2371,68.69,3938,5733,5063,71.21,26001,36515,9322,81.3,11728,14425,2371,60.87,84,138,,95.9,374,390,52,8.64,1690,19552,
ibex_200k_riscvdv_baseline,baseline_riscvdv_200k_dense_seed888,888,36,36000,36000,bsd_cov_sample_036000,/home/lvzhengyang/workspace/BSD-Cov/designs/ibex/dv/bsdcov/experiments/ibex_riscvdv/baseline_200k/sample_cov/baseline_riscvdv_200k_dense_seed888/bsd_cov_sample_036000/report/cov_report.txt,113.4597947569564,79.89,11169,13980,1703,62.44,4372,7002,358,81.43,11746,14425,2371,68.86,3948,5733,5063,71.21,26001,36515,9322,81.43,11746,14425,2371,60.87,84,138,,95.9,374,390,52,8.64,1690,19552,
ibex_200k_riscvdv_baseline,baseline_riscvdv_200k_dense_seed888,888,37,37000,37000,bsd_cov_sample_037000,/home/lvzhengyang/workspace/BSD-Cov/designs/ibex/dv/bsdcov/experiments/ibex_riscvdv/baseline_200k/sample_cov/baseline_riscvdv_200k_dense_seed888/bsd_cov_sample_037000/report/cov_report.txt,111.53110549098346,79.92,11173,13980,1703,62.47,4374,7002,358,81.46,11750,14425,2371,68.86,3948,5733,5063,71.21,26003,36515,9322,81.46,11750,14425,2371,60.87,84,138,,95.9,374,390,52,8.64,1690,19552,
ibex_200k_riscvdv_baseline,baseline_riscvdv_200k_dense_seed888,888,38,38000,38000,bsd_cov_sample_038000,/home/lvzhengyang/workspace/BSD-Cov/designs/ibex/dv/bsdcov/experiments/ibex_riscvdv/baseline_200k/sample_cov/baseline_riscvdv_200k_dense_seed888/bsd_cov_sample_038000/report/cov_report.txt,115.2607307669823,79.98,11181,13980,1703,62.58,4382,7002,358,81.51,11758,14425,2371,68.86,3948,5733,5063,71.26,26021,36515,9322,81.51,11758,14425,2371,60.87,84,138,,95.9,374,390,52,8.65,1692,19552,
ibex_200k_riscvdv_baseline,baseline_riscvdv_200k_dense_seed888,888,39,39000,39000,bsd_cov_sample_039000,/home/lvzhengyang/workspace/BSD-Cov/designs/ibex/dv/bsdcov/experiments/ibex_riscvdv/baseline_200k/sample_cov/baseline_riscvdv_200k_dense_seed888/bsd_cov_sample_039000/report/cov_report.txt,113.97427208401496,79.98,11181,13980,1703,62.58,4382,7002,358,81.51,11758,14425,2371,68.86,3948,5733,5063,71.26,26021,36515,9322,81.51,11758,14425,2371,60.87,84,138,,95.9,374,390,52,8.66,1694,19552,
ibex_200k_riscvdv_baseline,baseline_riscvdv_200k_dense_seed888,888,40,40000,40000,bsd_cov_sample_040000,/home/lvzhengyang/workspace/BSD-Cov/designs/ibex/dv/bsdcov/experiments/ibex_riscvdv/baseline_200k/sample_cov/baseline_riscvdv_200k_dense_seed888/bsd_cov_sample_040000/report/cov_report.txt,113.44511606299784,79.98,11181,13980,1703,62.58,4382,7002,358,81.51,11758,14425,2371,68.86,3948,5733,5063,71.26,26021,36515,9322,81.51,11758,14425,2371,60.87,84,138,,95.9,374,390,52,8.66,1694,19552,
ibex_200k_riscvdv_baseline,baseline_riscvdv_200k_dense_seed888,888,41,41000,41000,bsd_cov_sample_041000,/home/lvzhengyang/workspace/BSD-Cov/designs/ibex/dv/bsdcov/experiments/ibex_riscvdv/baseline_200k/sample_cov/baseline_riscvdv_200k_dense_seed888/bsd_cov_sample_041000/report/cov_report.txt,113.33517784596188,79.98,11181,13980,1703,62.58,4382,7002,358,81.51,11758,14425,2371,68.86,3948,5733,5063,71.35,26055,36515,9322,81.51,11758,14425,2371,60.87,84,138,,95.9,374,390,52,8.72,1704,19552,
ibex_200k_riscvdv_baseline,baseline_riscvdv_200k_dense_seed888,888,42,42000,42000,bsd_cov_sample_042000,/home/lvzhengyang/workspace/BSD-Cov/designs/ibex/dv/bsdcov/experiments/ibex_riscvdv/baseline_200k/sample_cov/baseline_riscvdv_200k_dense_seed888/bsd_cov_sample_042000/report/cov_report.txt,115.48984936700435,79.98,11181,13980,1703,62.58,4382,7002,358,81.51,11758,14425,2371,68.86,3948,5733,5063,71.37,26061,36515,9322,81.51,11758,14425,2371,60.87,84,138,,95.9,374,390,52,8.73,1706,19552,
ibex_200k_riscvdv_baseline,baseline_riscvdv_200k_dense_seed888,888,43,43000,43000,bsd_cov_sample_043000,/home/lvzhengyang/workspace/BSD-Cov/designs/ibex/dv/bsdcov/experiments/ibex_riscvdv/baseline_200k/sample_cov/baseline_riscvdv_200k_dense_seed888/bsd_cov_sample_043000/report/cov_report.txt,114.06602111400571,79.98,11181,13980,1703,62.58,4382,7002,358,81.51,11758,14425,2371,68.86,3948,5733,5063,71.43,26081,36515,9322,81.51,11758,14425,2371,60.87,84,138,,95.9,374,390,52,8.73,1706,19552,
ibex_200k_riscvdv_baseline,baseline_riscvdv_200k_dense_seed888,888,44,44000,44000,bsd_cov_sample_044000,/home/lvzhengyang/workspace/BSD-Cov/designs/ibex/dv/bsdcov/experiments/ibex_riscvdv/baseline_200k/sample_cov/baseline_riscvdv_200k_dense_seed888/bsd_cov_sample_044000/report/cov_report.txt,115.40253892901819,79.98,11181,13980,1703,62.58,4382,7002,358,81.51,11758,14425,2371,68.86,3948,5733,5063,71.44,26085,36515,9322,81.51,11758,14425,2371,60.87,84,138,,95.9,374,390,52,8.74,1708,19552,
ibex_200k_riscvdv_baseline,baseline_riscvdv_200k_dense_seed888,888,45,45000,45000,bsd_cov_sample_045000,/home/lvzhengyang/workspace/BSD-Cov/designs/ibex/dv/bsdcov/experiments/ibex_riscvdv/baseline_200k/sample_cov/baseline_riscvdv_200k_dense_seed888/bsd_cov_sample_045000/report/cov_report.txt,111.81968117103679,79.98,11181,13980,1703,62.58,4382,7002,358,81.51,11758,14425,2371,68.86,3948,5733,5063,71.44,26085,36515,9322,81.51,11758,14425,2371,60.87,84,138,,95.9,374,390,52,8.74,1708,19552,
ibex_200k_riscvdv_baseline,baseline_riscvdv_200k_dense_seed888,888,46,46000,46000,bsd_cov_sample_046000,/home/lvzhengyang/workspace/BSD-Cov/designs/ibex/dv/bsdcov/experiments/ibex_riscvdv/baseline_200k/sample_cov/baseline_riscvdv_200k_dense_seed888/bsd_cov_sample_046000/report/cov_report.txt,115.84335862396983,79.98,11181,13980,1703,62.58,4382,7002,358,81.51,11758,14425,2371,68.86,3948,5733,5063,71.44,26085,36515,9322,81.51,11758,14425,2371,60.87,84,138,,95.9,374,390,52,8.74,1708,19552,
ibex_200k_riscvdv_baseline,baseline_riscvdv_200k_dense_seed888,888,47,47000,47000,bsd_cov_sample_047000,/home/lvzhengyang/workspace/BSD-Cov/designs/ibex/dv/bsdcov/experiments/ibex_riscvdv/baseline_200k/sample_cov/baseline_riscvdv_200k_dense_seed888/bsd_cov_sample_047000/report/cov_report.txt,113.0470895479666,79.99,11183,13980,1703,62.61,4384,7002,358,81.53,11760,14425,2371,68.86,3948,5733,5063,71.45,26091,36515,9322,81.53,11760,14425,2371,60.87,84,138,,95.9,374,390,52,8.74,1708,19552,
ibex_200k_riscvdv_baseline,baseline_riscvdv_200k_dense_seed888,888,48,48000,48000,bsd_cov_sample_048000,/home/lvzhengyang/workspace/BSD-Cov/designs/ibex/dv/bsdcov/experiments/ibex_riscvdv/baseline_200k/sample_cov/baseline_riscvdv_200k_dense_seed888/bsd_cov_sample_048000/report/cov_report.txt,113.10341386200162,80.01,11185,13980,1703,62.64,4386,7002,358,81.54,11762,14425,2371,68.86,3948,5733,5063,71.47,26097,36515,9322,81.54,11762,14425,2371,60.87,84,138,,95.9,374,390,52,8.74,1708,19552,
ibex_200k_riscvdv_baseline,baseline_riscvdv_200k_dense_seed888,888,49,49000,49000,bsd_cov_sample_049000,/home/lvzhengyang/workspace/BSD-Cov/designs/ibex/dv/bsdcov/experiments/ibex_riscvdv/baseline_200k/sample_cov/baseline_riscvdv_200k_dense_seed888/bsd_cov_sample_049000/report/cov_report.txt,111.85286833503051,80.02,11187,13980,1703,62.67,4388,7002,358,81.55,11764,14425,2371,68.9,3950,5733,5063,71.48,26101,36515,9322,81.55,11764,14425,2371,60.87,84,138,,95.9,374,390,52,8.74,1708,19552,
ibex_200k_riscvdv_baseline,baseline_riscvdv_200k_dense_seed888,888,50,50000,50000,bsd_cov_sample_050000,/home/lvzhengyang/workspace/BSD-Cov/designs/ibex/dv/bsdcov/experiments/ibex_riscvdv/baseline_200k/sample_cov/baseline_riscvdv_200k_dense_seed888/bsd_cov_sample_050000/report/cov_report.txt,109.1653929319582,80.02,11187,13980,1703,62.67,4388,7002,358,81.55,11764,14425,2371,68.9,3950,5733,5063,71.49,26105,36515,9322,81.55,11764,14425,2371,60.87,84,138,,95.9,374,390,52,8.75,1710,19552,
ibex_200k_riscvdv_baseline,baseline_riscvdv_200k_dense_seed888,888,51,51000,51000,bsd_cov_sample_051000,/home/lvzhengyang/workspace/BSD-Cov/designs/ibex/dv/bsdcov/experiments/ibex_riscvdv/baseline_200k/sample_cov/baseline_riscvdv_200k_dense_seed888/bsd_cov_sample_051000/report/cov_report.txt,112.79385141900275,80.02,11187,13980,1703,62.67,4388,7002,358,81.55,11764,14425,2371,68.9,3950,5733,5063,71.49,26105,36515,9322,81.55,11764,14425,2371,60.87,84,138,,95.9,374,390,52,8.75,1710,19552,
ibex_200k_riscvdv_baseline,baseline_riscvdv_200k_dense_seed888,888,52,52000,52000,bsd_cov_sample_052000,/home/lvzhengyang/workspace/BSD-Cov/designs/ibex/dv/bsdcov/experiments/ibex_riscvdv/baseline_200k/sample_cov/baseline_riscvdv_200k_dense_seed888/bsd_cov_sample_052000/report/cov_report.txt,109.58199487801176,80.02,11187,13980,1703,62.67,4388,7002,358,81.55,11764,14425,2371,68.9,3950,5733,5063,71.49,26105,36515,9322,81.55,11764,14425,2371,60.87,84,138,,95.9,374,390,52,8.76,1712,19552,
ibex_200k_riscvdv_baseline,baseline_riscvdv_200k_dense_seed888,888,53,53000,53000,bsd_cov_sample_053000,/home/lvzhengyang/workspace/BSD-Cov/designs/ibex/dv/bsdcov/experiments/ibex_riscvdv/baseline_200k/sample_cov/baseline_riscvdv_200k_dense_seed888/bsd_cov_sample_053000/report/cov_report.txt,112.3965595170157,80.02,11187,13980,1703,62.67,4388,7002,358,81.55,11764,14425,2371,68.9,3950,5733,5063,71.49,26105,36515,9322,81.55,11764,14425,2371,60.87,84,138,,95.9,374,390,52,8.76,1712,19552,
ibex_200k_riscvdv_baseline,baseline_riscvdv_200k_dense_seed888,888,54,54000,54000,bsd_cov_sample_054000,/home/lvzhengyang/workspace/BSD-Cov/designs/ibex/dv/bsdcov/experiments/ibex_riscvdv/baseline_200k/sample_cov/baseline_riscvdv_200k_dense_seed888/bsd_cov_sample_054000/report/cov_report.txt,108.74307845899602,80.04,11189,13980,1703,62.7,4390,7002,358,81.57,11766,14425,2371,68.9,3950,5733,5063,71.5,26109,36515,9322,81.57,11766,14425,2371,60.87,84,138,,95.9,374,390,52,8.76,1712,19552,
ibex_200k_riscvdv_baseline,baseline_riscvdv_200k_dense_seed888,888,55,55000,55000,bsd_cov_sample_055000,/home/lvzhengyang/workspace/BSD-Cov/designs/ibex/dv/bsdcov/experiments/ibex_riscvdv/baseline_200k/sample_cov/baseline_riscvdv_200k_dense_seed888/bsd_cov_sample_055000/report/cov_report.txt,112.69828625698574,80.04,11189,13980,1703,62.7,4390,7002,358,81.57,11766,14425,2371,68.9,3950,5733,5063,71.5,26109,36515,9322,81.57,11766,14425,2371,60.87,84,138,,95.9,374,390,52,8.76,1712,19552,
ibex_200k_riscvdv_baseline,baseline_riscvdv_200k_dense_seed888,888,56,56000,56000,bsd_cov_sample_056000,/home/lvzhengyang/workspace/BSD-Cov/designs/ibex/dv/bsdcov/experiments/ibex_riscvdv/baseline_200k/sample_cov/baseline_riscvdv_200k_dense_seed888/bsd_cov_sample_056000/report/cov_report.txt,112.16067206498701,80.04,11189,13980,1703,62.7,4390,7002,358,81.57,11766,14425,2371,68.9,3950,5733,5063,71.53,26121,36515,9322,81.57,11766,14425,2371,60.87,84,138,,95.9,374,390,52,8.76,1712,19552,
ibex_200k_riscvdv_baseline,baseline_riscvdv_200k_dense_seed888,888,57,57000,57000,bsd_cov_sample_057000,/home/lvzhengyang/workspace/BSD-Cov/designs/ibex/dv/bsdcov/experiments/ibex_riscvdv/baseline_200k/sample_cov/baseline_riscvdv_200k_dense_seed888/bsd_cov_sample_057000/report/cov_report.txt,108.95193525304785,80.04,11189,13980,1703,62.7,4390,7002,358,81.57,11766,14425,2371,68.9,3950,5733,5063,71.53,26121,36515,9322,81.57,11766,14425,2371,60.87,84,138,,95.9,374,390,52,8.76,1712,19552,
ibex_200k_riscvdv_baseline,baseline_riscvdv_200k_dense_seed888,888,58,58000,58000,bsd_cov_sample_058000,/home/lvzhengyang/workspace/BSD-Cov/designs/ibex/dv/bsdcov/experiments/ibex_riscvdv/baseline_200k/sample_cov/baseline_riscvdv_200k_dense_seed888/bsd_cov_sample_058000/report/cov_report.txt,110.64205557695823,80.04,11189,13980,1703,62.7,4390,7002,358,81.57,11766,14425,2371,68.9,3950,5733,5063,71.53,26121,36515,9322,81.57,11766,14425,2371,60.87,84,138,,95.9,374,390,52,8.77,1714,19552,
ibex_200k_riscvdv_baseline,baseline_riscvdv_200k_dense_seed888,888,59,59000,59000,bsd_cov_sample_059000,/home/lvzhengyang/workspace/BSD-Cov/designs/ibex/dv/bsdcov/experiments/ibex_riscvdv/baseline_200k/sample_cov/baseline_riscvdv_200k_dense_seed888/bsd_cov_sample_059000/report/cov_report.txt,108.77258099196479,80.04,11189,13980,1703,62.7,4390,7002,358,81.57,11766,14425,2371,68.9,3950,5733,5063,71.53,26121,36515,9322,81.57,11766,14425,2371,60.87,84,138,,95.9,374,390,52,8.77,1714,19552,
ibex_200k_riscvdv_baseline,baseline_riscvdv_200k_dense_seed888,888,60,60000,60000,bsd_cov_sample_060000,/home/lvzhengyang/workspace/BSD-Cov/designs/ibex/dv/bsdcov/experiments/ibex_riscvdv/baseline_200k/sample_cov/baseline_riscvdv_200k_dense_seed888/bsd_cov_sample_060000/report/cov_report.txt,109.04343346995302,80.04,11189,13980,1703,62.7,4390,7002,358,81.57,11766,14425,2371,68.9,3950,5733,5063,71.53,26121,36515,9322,81.57,11766,14425,2371,60.87,84,138,,95.9,374,390,52,8.77,1714,19552,
ibex_200k_riscvdv_baseline,baseline_riscvdv_200k_dense_seed888,888,61,61000,61000,bsd_cov_sample_061000,/home/lvzhengyang/workspace/BSD-Cov/designs/ibex/dv/bsdcov/experiments/ibex_riscvdv/baseline_200k/sample_cov/baseline_riscvdv_200k_dense_seed888/bsd_cov_sample_061000/report/cov_report.txt,109.63949250598671,80.19,11211,13980,1703,62.92,4406,7002,358,81.79,11798,14425,2371,69.0,3956,5733,5063,71.81,26223,36515,9322,81.79,11798,14425,2371,60.87,84,138,,95.9,374,390,52,8.77,1714,19552,
ibex_200k_riscvdv_baseline,baseline_riscvdv_200k_dense_seed888,888,62,62000,62000,bsd_cov_sample_062000,/home/lvzhengyang/workspace/BSD-Cov/designs/ibex/dv/bsdcov/experiments/ibex_riscvdv/baseline_200k/sample_cov/baseline_riscvdv_200k_dense_seed888/bsd_cov_sample_062000/report/cov_report.txt,110.60194738802966,80.21,11213,13980,1703,62.95,4408,7002,358,81.8,11800,14425,2371,69.0,3956,5733,5063,71.84,26233,36515,9322,81.8,11800,14425,2371,60.87,84,138,,95.9,374,390,52,8.77,1714,19552,
ibex_200k_riscvdv_baseline,baseline_riscvdv_200k_dense_seed888,888,63,63000,63000,bsd_cov_sample_063000,/home/lvzhengyang/workspace/BSD-Cov/designs/ibex/dv/bsdcov/experiments/ibex_riscvdv/baseline_200k/sample_cov/baseline_riscvdv_200k_dense_seed888/bsd_cov_sample_063000/report/cov_report.txt,113.03892396198353,80.22,11215,13980,1703,62.98,4410,7002,358,81.82,11802,14425,2371,69.0,3956,5733,5063,71.86,26239,36515,9322,81.82,11802,14425,2371,60.87,84,138,,95.9,374,390,52,8.77,1714,19552,
ibex_200k_riscvdv_baseline,baseline_riscvdv_200k_dense_seed888,888,64,64000,64000,bsd_cov_sample_064000,/home/lvzhengyang/workspace/BSD-Cov/designs/ibex/dv/bsdcov/experiments/ibex_riscvdv/baseline_200k/sample_cov/baseline_riscvdv_200k_dense_seed888/bsd_cov_sample_064000/report/cov_report.txt,108.81532714300556,80.22,11215,13980,1703,62.98,4410,7002,358,81.82,11802,14425,2371,69.0,3956,5733,5063,71.86,26239,36515,9322,81.82,11802,14425,2371,60.87,84,138,,95.9,374,390,52,8.77,1714,19552,
ibex_200k_riscvdv_baseline,baseline_riscvdv_200k_dense_seed888,888,65,65000,65000,bsd_cov_sample_065000,/home/lvzhengyang/workspace/BSD-Cov/designs/ibex/dv/bsdcov/experiments/ibex_riscvdv/baseline_200k/sample_cov/baseline_riscvdv_200k_dense_seed888/bsd_cov_sample_065000/report/cov_report.txt,117.58484884601785,80.22,11215,13980,1703,62.98,4410,7002,358,81.82,11802,14425,2371,69.0,3956,5733,5063,71.86,26239,36515,9322,81.82,11802,14425,2371,60.87,84,138,,95.9,374,390,52,8.77,1714,19552,
ibex_200k_riscvdv_baseline,baseline_riscvdv_200k_dense_seed888,888,66,66000,66000,bsd_cov_sample_066000,/home/lvzhengyang/workspace/BSD-Cov/designs/ibex/dv/bsdcov/experiments/ibex_riscvdv/baseline_200k/sample_cov/baseline_riscvdv_200k_dense_seed888/bsd_cov_sample_066000/report/cov_report.txt,112.18558066798141,80.22,11215,13980,1703,62.98,4410,7002,358,81.82,11802,14425,2371,69.0,3956,5733,5063,71.86,26239,36515,9322,81.82,11802,14425,2371,60.87,84,138,,95.9,374,390,52,8.77,1714,19552,
ibex_200k_riscvdv_baseline,baseline_riscvdv_200k_dense_seed888,888,67,67000,67000,bsd_cov_sample_067000,/home/lvzhengyang/workspace/BSD-Cov/designs/ibex/dv/bsdcov/experiments/ibex_riscvdv/baseline_200k/sample_cov/baseline_riscvdv_200k_dense_seed888/bsd_cov_sample_067000/report/cov_report.txt,112.31829978205496,80.22,11215,13980,1703,62.98,4410,7002,358,81.82,11802,14425,2371,69.0,3956,5733,5063,71.86,26239,36515,9322,81.82,11802,14425,2371,60.87,84,138,,95.9,374,390,52,8.77,1714,19552,
ibex_200k_riscvdv_baseline,baseline_riscvdv_200k_dense_seed888,888,68,68000,68000,bsd_cov_sample_068000,/home/lvzhengyang/workspace/BSD-Cov/designs/ibex/dv/bsdcov/experiments/ibex_riscvdv/baseline_200k/sample_cov/baseline_riscvdv_200k_dense_seed888/bsd_cov_sample_068000/report/cov_report.txt,111.82675502705388,80.24,11217,13980,1703,63.01,4412,7002,358,81.83,11804,14425,2371,69.0,3956,5733,5063,71.87,26245,36515,9322,81.83,11804,14425,2371,60.87,84,138,,95.9,374,390,52,8.77,1714,19552,
ibex_200k_riscvdv_baseline,baseline_riscvdv_200k_dense_seed888,888,69,69000,69000,bsd_cov_sample_069000,/home/lvzhengyang/workspace/BSD-Cov/designs/ibex/dv/bsdcov/experiments/ibex_riscvdv/baseline_200k/sample_cov/baseline_riscvdv_200k_dense_seed888/bsd_cov_sample_069000/report/cov_report.txt,112.58465157396859,80.24,11217,13980,1703,63.01,4412,7002,358,81.83,11804,14425,2371,69.0,3956,5733,5063,71.87,26245,36515,9322,81.83,11804,14425,2371,60.87,84,138,,95.9,374,390,52,8.77,1714,19552,
ibex_200k_riscvdv_baseline,baseline_riscvdv_200k_dense_seed888,888,70,70000,70000,bsd_cov_sample_070000,/home/lvzhengyang/workspace/BSD-Cov/designs/ibex/dv/bsdcov/experiments/ibex_riscvdv/baseline_200k/sample_cov/baseline_riscvdv_200k_dense_seed888/bsd_cov_sample_070000/report/cov_report.txt,109.58552221901482,80.24,11217,13980,1703,63.01,4412,7002,358,81.83,11804,14425,2371,69.0,3956,5733,5063,71.87,26245,36515,9322,81.83,11804,14425,2371,60.87,84,138,,95.9,374,390,52,8.77,1714,19552,
ibex_200k_riscvdv_baseline,baseline_riscvdv_200k_dense_seed888,888,71,71000,71000,bsd_cov_sample_071000,/home/lvzhengyang/workspace/BSD-Cov/designs/ibex/dv/bsdcov/experiments/ibex_riscvdv/baseline_200k/sample_cov/baseline_riscvdv_200k_dense_seed888/bsd_cov_sample_071000/report/cov_report.txt,112.68955080298474,80.47,11250,13980,1703,63.22,4427,7002,358,82.23,11862,14425,2371,69.13,3963,5733,5063,71.96,26277,36515,9322,82.23,11862,14425,2371,60.87,84,138,,95.9,374,390,52,8.77,1714,19552,
ibex_200k_riscvdv_baseline,baseline_riscvdv_200k_dense_seed888,888,72,72000,72000,bsd_cov_sample_072000,/home/lvzhengyang/workspace/BSD-Cov/designs/ibex/dv/bsdcov/experiments/ibex_riscvdv/baseline_200k/sample_cov/baseline_riscvdv_200k_dense_seed888/bsd_cov_sample_072000/report/cov_report.txt,110.04388180497335,80.47,11250,13980,1703,63.22,4427,7002,358,82.23,11862,14425,2371,69.13,3963,5733,5063,71.97,26281,36515,9322,82.23,11862,14425,2371,60.87,84,138,,95.9,374,390,52,8.77,1714,19552,
ibex_200k_riscvdv_baseline,baseline_riscvdv_200k_dense_seed888,888,73,73000,73000,bsd_cov_sample_073000,/home/lvzhengyang/workspace/BSD-Cov/designs/ibex/dv/bsdcov/experiments/ibex_riscvdv/baseline_200k/sample_cov/baseline_riscvdv_200k_dense_seed888/bsd_cov_sample_073000/report/cov_report.txt,115.60052155895391,80.47,11250,13980,1703,63.22,4427,7002,358,82.23,11862,14425,2371,69.13,3963,5733,5063,71.98,26285,36515,9322,82.23,11862,14425,2371,60.87,84,138,,95.9,374,390,52,8.81,1722,19552,
ibex_200k_riscvdv_baseline,baseline_riscvdv_200k_dense_seed888,888,74,74000,74000,bsd_cov_sample_074000,/home/lvzhengyang/workspace/BSD-Cov/designs/ibex/dv/bsdcov/experiments/ibex_riscvdv/baseline_200k/sample_cov/baseline_riscvdv_200k_dense_seed888/bsd_cov_sample_074000/report/cov_report.txt,116.11442445899593,80.47,11250,13980,1703,63.22,4427,7002,358,82.23,11862,14425,2371,69.13,3963,5733,5063,71.98,26285,36515,9322,82.23,11862,14425,2371,60.87,84,138,,95.9,374,390,52,8.81,1722,19552,
ibex_200k_riscvdv_baseline,baseline_riscvdv_200k_dense_seed888,888,75,75000,75000,bsd_cov_sample_075000,/home/lvzhengyang/workspace/BSD-Cov/designs/ibex/dv/bsdcov/experiments/ibex_riscvdv/baseline_200k/sample_cov/baseline_riscvdv_200k_dense_seed888/bsd_cov_sample_075000/report/cov_report.txt,114.59272150200559,80.47,11250,13980,1703,63.22,4427,7002,358,82.23,11862,14425,2371,69.13,3963,5733,5063,71.98,26285,36515,9322,82.23,11862,14425,2371,60.87,84,138,,95.9,374,390,52,8.81,1722,19552,
ibex_200k_riscvdv_baseline,baseline_riscvdv_200k_dense_seed888,888,76,76000,76000,bsd_cov_sample_076000,/home/lvzhengyang/workspace/BSD-Cov/designs/ibex/dv/bsdcov/experiments/ibex_riscvdv/baseline_200k/sample_cov/baseline_riscvdv_200k_dense_seed888/bsd_cov_sample_076000/report/cov_report.txt,115.19120645598741,80.47,11250,13980,1703,63.22,4427,7002,358,82.23,11862,14425,2371,69.13,3963,5733,5063,71.98,26285,36515,9322,82.23,11862,14425,2371,60.87,84,138,,95.9,374,390,52,8.81,1722,19552,
ibex_200k_riscvdv_baseline,baseline_riscvdv_200k_dense_seed888,888,77,77000,77000,bsd_cov_sample_077000,/home/lvzhengyang/workspace/BSD-Cov/designs/ibex/dv/bsdcov/experiments/ibex_riscvdv/baseline_200k/sample_cov/baseline_riscvdv_200k_dense_seed888/bsd_cov_sample_077000/report/cov_report.txt,115.20837680599652,80.47,11250,13980,1703,63.22,4427,7002,358,82.23,11862,14425,2371,69.13,3963,5733,5063,72.03,26303,36515,9322,82.23,11862,14425,2371,60.87,84,138,,95.9,374,390,52,8.82,1724,19552,
ibex_200k_riscvdv_baseline,baseline_riscvdv_200k_dense_seed888,888,78,78000,78000,bsd_cov_sample_078000,/home/lvzhengyang/workspace/BSD-Cov/designs/ibex/dv/bsdcov/experiments/ibex_riscvdv/baseline_200k/sample_cov/baseline_riscvdv_200k_dense_seed888/bsd_cov_sample_078000/report/cov_report.txt,114.01762288395548,80.49,11252,13980,1703,63.25,4429,7002,358,82.25,11864,14425,2371,69.13,3963,5733,5063,72.05,26309,36515,9322,82.25,11864,14425,2371,60.87,84,138,,95.9,374,390,52,8.82,1724,19552,
ibex_200k_riscvdv_baseline,baseline_riscvdv_200k_dense_seed888,888,79,79000,79000,bsd_cov_sample_079000,/home/lvzhengyang/workspace/BSD-Cov/designs/ibex/dv/bsdcov/experiments/ibex_riscvdv/baseline_200k/sample_cov/baseline_riscvdv_200k_dense_seed888/bsd_cov_sample_079000/report/cov_report.txt,113.36868705501547,80.49,11252,13980,1703,63.25,4429,7002,358,82.25,11864,14425,2371,69.13,3963,5733,5063,72.22,26371,36515,9322,82.25,11864,14425,2371,60.87,84,138,,95.9,374,390,52,8.82,1724,19552,
ibex_200k_riscvdv_baseline,baseline_riscvdv_200k_dense_seed888,888,80,80000,80000,bsd_cov_sample_080000,/home/lvzhengyang/workspace/BSD-Cov/designs/ibex/dv/bsdcov/experiments/ibex_riscvdv/baseline_200k/sample_cov/baseline_riscvdv_200k_dense_seed888/bsd_cov_sample_080000/report/cov_report.txt,110.9331707310048,80.52,11256,13980,1703,63.31,4433,7002,358,82.27,11868,14425,2371,69.13,3963,5733,5063,72.24,26377,36515,9322,82.27,11868,14425,2371,60.87,84,138,,95.9,374,390,52,8.82,1724,19552,
ibex_200k_riscvdv_baseline,baseline_riscvdv_200k_dense_seed888,888,81,81000,81000,bsd_cov_sample_081000,/home/lvzhengyang/workspace/BSD-Cov/designs/ibex/dv/bsdcov/experiments/ibex_riscvdv/baseline_200k/sample_cov/baseline_riscvdv_200k_dense_seed888/bsd_cov_sample_081000/report/cov_report.txt,113.50853264797479,80.52,11256,13980,1703,63.31,4433,7002,358,82.27,11868,14425,2371,69.13,3963,5733,5063,72.24,26377,36515,9322,82.27,11868,14425,2371,60.87,84,138,,95.9,374,390,52,8.82,1724,19552,
ibex_200k_riscvdv_baseline,baseline_riscvdv_200k_dense_seed888,888,82,82000,82000,bsd_cov_sample_082000,/home/lvzhengyang/workspace/BSD-Cov/designs/ibex/dv/bsdcov/experiments/ibex_riscvdv/baseline_200k/sample_cov/baseline_riscvdv_200k_dense_seed888/bsd_cov_sample_082000/report/cov_report.txt,113.23812867800007,80.53,11258,13980,1703,63.34,4435,7002,358,82.29,11870,14425,2371,69.13,3963,5733,5063,72.24,26377,36515,9322,82.29,11870,14425,2371,60.87,84,138,,95.9,374,390,52,8.82,1724,19552,
ibex_200k_riscvdv_baseline,baseline_riscvdv_200k_dense_seed888,888,83,83000,83000,bsd_cov_sample_083000,/home/lvzhengyang/workspace/BSD-Cov/designs/ibex/dv/bsdcov/experiments/ibex_riscvdv/baseline_200k/sample_cov/baseline_riscvdv_200k_dense_seed888/bsd_cov_sample_083000/report/cov_report.txt,115.00885817303788,80.53,11258,13980,1703,63.34,4435,7002,358,82.29,11870,14425,2371,69.13,3963,5733,5063,72.24,26377,36515,9322,82.29,11870,14425,2371,60.87,84,138,,95.9,374,390,52,8.82,1724,19552,
ibex_200k_riscvdv_baseline,baseline_riscvdv_200k_dense_seed888,888,84,84000,84000,bsd_cov_sample_084000,/home/lvzhengyang/workspace/BSD-Cov/designs/ibex/dv/bsdcov/experiments/ibex_riscvdv/baseline_200k/sample_cov/baseline_riscvdv_200k_dense_seed888/bsd_cov_sample_084000/report/cov_report.txt,115.72301965602674,80.54,11260,13980,1703,63.37,4437,7002,358,82.3,11872,14425,2371,69.13,3963,5733,5063,72.25,26383,36515,9322,82.3,11872,14425,2371,60.87,84,138,,95.9,374,390,52,8.82,1724,19552,
ibex_200k_riscvdv_baseline,baseline_riscvdv_200k_dense_seed888,888,85,85000,85000,bsd_cov_sample_085000,/home/lvzhengyang/workspace/BSD-Cov/designs/ibex/dv/bsdcov/experiments/ibex_riscvdv/baseline_200k/sample_cov/baseline_riscvdv_200k_dense_seed888/bsd_cov_sample_085000/report/cov_report.txt,113.61088267702144,80.54,11260,13980,1703,63.37,4437,7002,358,82.3,11872,14425,2371,69.13,3963,5733,5063,72.25,26383,36515,9322,82.3,11872,14425,2371,60.87,84,138,,95.9,374,390,52,8.82,1724,19552,
ibex_200k_riscvdv_baseline,baseline_riscvdv_200k_dense_seed888,888,86,86000,86000,bsd_cov_sample_086000,/home/lvzhengyang/workspace/BSD-Cov/designs/ibex/dv/bsdcov/experiments/ibex_riscvdv/baseline_200k/sample_cov/baseline_riscvdv_200k_dense_seed888/bsd_cov_sample_086000/report/cov_report.txt,113.9472532949876,80.56,11262,13980,1703,63.4,4439,7002,358,82.32,11874,14425,2371,69.13,3963,5733,5063,72.27,26389,36515,9322,82.32,11874,14425,2371,60.87,84,138,,95.9,374,390,52,8.82,1724,19552,
ibex_200k_riscvdv_baseline,baseline_riscvdv_200k_dense_seed888,888,87,87000,87000,bsd_cov_sample_087000,/home/lvzhengyang/workspace/BSD-Cov/designs/ibex/dv/bsdcov/experiments/ibex_riscvdv/baseline_200k/sample_cov/baseline_riscvdv_200k_dense_seed888/bsd_cov_sample_087000/report/cov_report.txt,113.21754583198344,80.57,11264,13980,1703,63.42,4441,7002,358,82.33,11876,14425,2371,69.13,3963,5733,5063,72.3,26400,36515,9322,82.33,11876,14425,2371,60.87,84,138,,95.9,374,390,52,8.83,1726,19552,
ibex_200k_riscvdv_baseline,baseline_riscvdv_200k_dense_seed888,888,88,88000,88000,bsd_cov_sample_088000,/home/lvzhengyang/workspace/BSD-Cov/designs/ibex/dv/bsdcov/experiments/ibex_riscvdv/baseline_200k/sample_cov/baseline_riscvdv_200k_dense_seed888/bsd_cov_sample_088000/report/cov_report.txt,111.9580815549707,80.62,11270,13980,1703,63.48,4445,7002,358,82.51,11902,14425,2371,69.13,3963,5733,5063,72.3,26400,36515,9322,82.51,11902,14425,2371,60.87,84,138,,95.9,374,390,52,8.83,1726,19552,
ibex_200k_riscvdv_baseline,baseline_riscvdv_200k_dense_seed888,888,89,89000,89000,bsd_cov_sample_089000,/home/lvzhengyang/workspace/BSD-Cov/designs/ibex/dv/bsdcov/experiments/ibex_riscvdv/baseline_200k/sample_cov/baseline_riscvdv_200k_dense_seed888/bsd_cov_sample_089000/report/cov_report.txt,113.97790084197186,80.62,11270,13980,1703,63.48,4445,7002,358,82.51,11902,14425,2371,69.13,3963,5733,5063,72.3,26400,36515,9322,82.51,11902,14425,2371,60.87,84,138,,95.9,374,390,52,8.83,1726,19552,
ibex_200k_riscvdv_baseline,baseline_riscvdv_200k_dense_seed888,888,90,90000,90000,bsd_cov_sample_090000,/home/lvzhengyang/workspace/BSD-Cov/designs/ibex/dv/bsdcov/experiments/ibex_riscvdv/baseline_200k/sample_cov/baseline_riscvdv_200k_dense_seed888/bsd_cov_sample_090000/report/cov_report.txt,113.06450890999986,80.63,11272,13980,1703,63.51,4447,7002,358,82.52,11904,14425,2371,69.13,3963,5733,5063,72.32,26406,36515,9322,82.52,11904,14425,2371,60.87,84,138,,95.9,374,390,52,8.83,1726,19552,
ibex_200k_riscvdv_baseline,baseline_riscvdv_200k_dense_seed888,888,91,91000,91000,bsd_cov_sample_091000,/home/lvzhengyang/workspace/BSD-Cov/designs/ibex/dv/bsdcov/experiments/ibex_riscvdv/baseline_200k/sample_cov/baseline_riscvdv_200k_dense_seed888/bsd_cov_sample_091000/report/cov_report.txt,112.62227758200606,80.63,11272,13980,1703,63.51,4447,7002,358,82.52,11904,14425,2371,69.13,3963,5733,5063,72.32,26406,36515,9322,82.52,11904,14425,2371,60.87,84,138,,95.9,374,390,52,8.83,1726,19552,
ibex_200k_riscvdv_baseline,baseline_riscvdv_200k_dense_seed888,888,92,92000,92000,bsd_cov_sample_092000,/home/lvzhengyang/workspace/BSD-Cov/designs/ibex/dv/bsdcov/experiments/ibex_riscvdv/baseline_200k/sample_cov/baseline_riscvdv_200k_dense_seed888/bsd_cov_sample_092000/report/cov_report.txt,108.6975380590302,80.64,11274,13980,1703,63.54,4449,7002,358,82.54,11906,14425,2371,69.13,3963,5733,5063,72.32,26406,36515,9322,82.54,11906,14425,2371,60.87,84,138,,95.9,374,390,52,8.83,1726,19552,
ibex_200k_riscvdv_baseline,baseline_riscvdv_200k_dense_seed888,888,93,93000,93000,bsd_cov_sample_093000,/home/lvzhengyang/workspace/BSD-Cov/designs/ibex/dv/bsdcov/experiments/ibex_riscvdv/baseline_200k/sample_cov/baseline_riscvdv_200k_dense_seed888/bsd_cov_sample_093000/report/cov_report.txt,110.23253054200904,80.69,11280,13980,1703,63.62,4455,7002,358,82.58,11912,14425,2371,69.13,3963,5733,5063,72.32,26406,36515,9322,82.58,11912,14425,2371,60.87,84,138,,95.9,374,390,52,8.84,1728,19552,
ibex_200k_riscvdv_baseline,baseline_riscvdv_200k_dense_seed888,888,94,94000,94000,bsd_cov_sample_094000,/home/lvzhengyang/workspace/BSD-Cov/designs/ibex/dv/bsdcov/experiments/ibex_riscvdv/baseline_200k/sample_cov/baseline_riscvdv_200k_dense_seed888/bsd_cov_sample_094000/report/cov_report.txt,112.34122103999835,80.7,11282,13980,1703,63.65,4457,7002,358,82.59,11914,14425,2371,69.13,3963,5733,5063,72.32,26406,36515,9322,82.59,11914,14425,2371,60.87,84,138,,95.9,374,390,52,8.84,1728,19552,
ibex_200k_riscvdv_baseline,baseline_riscvdv_200k_dense_seed888,888,95,95000,95000,bsd_cov_sample_095000,/home/lvzhengyang/workspace/BSD-Cov/designs/ibex/dv/bsdcov/experiments/ibex_riscvdv/baseline_200k/sample_cov/baseline_riscvdv_200k_dense_seed888/bsd_cov_sample_095000/report/cov_report.txt,111.19594170100754,80.7,11282,13980,1703,63.65,4457,7002,358,82.59,11914,14425,2371,69.13,3963,5733,5063,72.33,26410,36515,9322,82.59,11914,14425,2371,60.87,84,138,,95.9,374,390,52,8.84,1728,19552,
ibex_200k_riscvdv_baseline,baseline_riscvdv_200k_dense_seed888,888,96,96000,96000,bsd_cov_sample_096000,/home/lvzhengyang/workspace/BSD-Cov/designs/ibex/dv/bsdcov/experiments/ibex_riscvdv/baseline_200k/sample_cov/baseline_riscvdv_200k_dense_seed888/bsd_cov_sample_096000/report/cov_report.txt,108.20216237002751,80.7,11282,13980,1703,63.65,4457,7002,358,82.59,11914,14425,2371,69.13,3963,5733,5063,72.33,26410,36515,9322,82.59,11914,14425,2371,60.87,84,138,,95.9,374,390,52,8.84,1728,19552,
ibex_200k_riscvdv_baseline,baseline_riscvdv_200k_dense_seed888,888,97,97000,97000,bsd_cov_sample_097000,/home/lvzhengyang/workspace/BSD-Cov/designs/ibex/dv/bsdcov/experiments/ibex_riscvdv/baseline_200k/sample_cov/baseline_riscvdv_200k_dense_seed888/bsd_cov_sample_097000/report/cov_report.txt,114.27633822098142,80.7,11282,13980,1703,63.65,4457,7002,358,82.59,11914,14425,2371,69.13,3963,5733,5063,72.35,26420,36515,9322,82.59,11914,14425,2371,60.87,84,138,,95.9,374,390,52,8.84,1728,19552,
ibex_200k_riscvdv_baseline,baseline_riscvdv_200k_dense_seed888,888,98,98000,98000,bsd_cov_sample_098000,/home/lvzhengyang/workspace/BSD-Cov/designs/ibex/dv/bsdcov/experiments/ibex_riscvdv/baseline_200k/sample_cov/baseline_riscvdv_200k_dense_seed888/bsd_cov_sample_098000/report/cov_report.txt,116.1795596590382,80.72,11284,13980,1703,63.68,4459,7002,358,82.61,11916,14425,2371,69.13,3963,5733,5063,72.45,26454,36515,9322,82.61,11916,14425,2371,60.87,84,138,,95.9,374,390,52,8.84,1728,19552,
ibex_200k_riscvdv_baseline,baseline_riscvdv_200k_dense_seed888,888,99,99000,99000,bsd_cov_sample_099000,/home/lvzhengyang/workspace/BSD-Cov/designs/ibex/dv/bsdcov/experiments/ibex_riscvdv/baseline_200k/sample_cov/baseline_riscvdv_200k_dense_seed888/bsd_cov_sample_099000/report/cov_report.txt,117.58717645995785,80.72,11284,13980,1703,63.68,4459,7002,358,82.61,11916,14425,2371,69.13,3963,5733,5063,72.45,26454,36515,9322,82.61,11916,14425,2371,60.87,84,138,,95.9,374,390,52,8.84,1728,19552,
ibex_200k_riscvdv_baseline,baseline_riscvdv_200k_dense_seed888,888,100,100000,100000,bsd_cov_sample_100000,/home/lvzhengyang/workspace/BSD-Cov/designs/ibex/dv/bsdcov/experiments/ibex_riscvdv/baseline_200k/sample_cov/baseline_riscvdv_200k_dense_seed888/bsd_cov_sample_100000/report/cov_report.txt,119.14918391196989,80.72,11284,13980,1703,63.68,4459,7002,358,82.61,11916,14425,2371,69.13,3963,5733,5063,72.45,26454,36515,9322,82.61,11916,14425,2371,60.87,84,138,,95.9,374,390,52,8.84,1728,19552,
ibex_200k_riscvdv_baseline,baseline_riscvdv_200k_dense_seed888,888,101,101000,101000,bsd_cov_sample_101000,/home/lvzhengyang/workspace/BSD-Cov/designs/ibex/dv/bsdcov/experiments/ibex_riscvdv/baseline_200k/sample_cov/baseline_riscvdv_200k_dense_seed888/bsd_cov_sample_101000/report/cov_report.txt,113.9675201229984,80.72,11284,13980,1703,63.68,4459,7002,358,82.61,11916,14425,2371,69.13,3963,5733,5063,72.46,26458,36515,9322,82.61,11916,14425,2371,60.87,84,138,,95.9,374,390,52,8.84,1728,19552,
ibex_200k_riscvdv_baseline,baseline_riscvdv_200k_dense_seed888,888,102,102000,102000,bsd_cov_sample_102000,/home/lvzhengyang/workspace/BSD-Cov/designs/ibex/dv/bsdcov/experiments/ibex_riscvdv/baseline_200k/sample_cov/baseline_riscvdv_200k_dense_seed888/bsd_cov_sample_102000/report/cov_report.txt,114.5612822920084,80.72,11284,13980,1703,63.68,4459,7002,358,82.61,11916,14425,2371,69.13,3963,5733,5063,72.46,26458,36515,9322,82.61,11916,14425,2371,60.87,84,138,,95.9,374,390,52,8.84,1728,19552,
ibex_200k_riscvdv_baseline,baseline_riscvdv_200k_dense_seed888,888,103,103000,103000,bsd_cov_sample_103000,/home/lvzhengyang/workspace/BSD-Cov/designs/ibex/dv/bsdcov/experiments/ibex_riscvdv/baseline_200k/sample_cov/baseline_riscvdv_200k_dense_seed888/bsd_cov_sample_103000/report/cov_report.txt,115.93643934000283,80.8,11296,13980,1703,63.8,4467,7002,358,82.75,11936,14425,2371,69.23,3969,5733,5063,72.46,26458,36515,9322,82.75,11936,14425,2371,60.87,84,138,,95.9,374,390,52,8.84,1728,19552,
ibex_200k_riscvdv_baseline,baseline_riscvdv_200k_dense_seed888,888,104,104000,104000,bsd_cov_sample_104000,/home/lvzhengyang/workspace/BSD-Cov/designs/ibex/dv/bsdcov/experiments/ibex_riscvdv/baseline_200k/sample_cov/baseline_riscvdv_200k_dense_seed888/bsd_cov_sample_104000/report/cov_report.txt,115.26089686795603,80.8,11296,13980,1703,63.8,4467,7002,358,82.75,11936,14425,2371,69.23,3969,5733,5063,72.46,26458,36515,9322,82.75,11936,14425,2371,60.87,84,138,,95.9,374,390,52,8.84,1728,19552,
ibex_200k_riscvdv_baseline,baseline_riscvdv_200k_dense_seed888,888,105,105000,105000,bsd_cov_sample_105000,/home/lvzhengyang/workspace/BSD-Cov/designs/ibex/dv/bsdcov/experiments/ibex_riscvdv/baseline_200k/sample_cov/baseline_riscvdv_200k_dense_seed888/bsd_cov_sample_105000/report/cov_report.txt,113.34401300101308,80.8,11296,13980,1703,63.8,4467,7002,358,82.75,11936,14425,2371,69.23,3969,5733,5063,72.46,26458,36515,9322,82.75,11936,14425,2371,60.87,84,138,,95.9,374,390,52,8.84,1728,19552,
ibex_200k_riscvdv_baseline,baseline_riscvdv_200k_dense_seed888,888,106,106000,106000,bsd_cov_sample_106000,/home/lvzhengyang/workspace/BSD-Cov/designs/ibex/dv/bsdcov/experiments/ibex_riscvdv/baseline_200k/sample_cov/baseline_riscvdv_200k_dense_seed888/bsd_cov_sample_106000/report/cov_report.txt,117.92030627699569,80.8,11296,13980,1703,63.8,4467,7002,358,82.75,11936,14425,2371,69.23,3969,5733,5063,72.46,26458,36515,9322,82.75,11936,14425,2371,60.87,84,138,,95.9,374,390,52,8.84,1728,19552,
ibex_200k_riscvdv_baseline,baseline_riscvdv_200k_dense_seed888,888,107,107000,107000,bsd_cov_sample_107000,/home/lvzhengyang/workspace/BSD-Cov/designs/ibex/dv/bsdcov/experiments/ibex_riscvdv/baseline_200k/sample_cov/baseline_riscvdv_200k_dense_seed888/bsd_cov_sample_107000/report/cov_report.txt,109.60069907398429,80.8,11296,13980,1703,63.8,4467,7002,358,82.75,11936,14425,2371,69.23,3969,5733,5063,72.46,26460,36515,9322,82.75,11936,14425,2371,60.87,84,138,,95.9,374,390,52,8.84,1728,19552,
ibex_200k_riscvdv_baseline,baseline_riscvdv_200k_dense_seed888,888,108,108000,108000,bsd_cov_sample_108000,/home/lvzhengyang/workspace/BSD-Cov/designs/ibex/dv/bsdcov/experiments/ibex_riscvdv/baseline_200k/sample_cov/baseline_riscvdv_200k_dense_seed888/bsd_cov_sample_108000/report/cov_report.txt,115.2794727460132,80.8,11296,13980,1703,63.8,4467,7002,358,82.75,11936,14425,2371,69.23,3969,5733,5063,72.46,26460,36515,9322,82.75,11936,14425,2371,60.87,84,138,,95.9,374,390,52,8.84,1728,19552,
ibex_200k_riscvdv_baseline,baseline_riscvdv_200k_dense_seed888,888,109,109000,109000,bsd_cov_sample_109000,/home/lvzhengyang/workspace/BSD-Cov/designs/ibex/dv/bsdcov/experiments/ibex_riscvdv/baseline_200k/sample_cov/baseline_riscvdv_200k_dense_seed888/bsd_cov_sample_109000/report/cov_report.txt,108.59768116200576,80.82,11298,13980,1703,63.82,4469,7002,358,82.76,11938,14425,2371,69.23,3969,5733,5063,72.48,26466,36515,9322,82.76,11938,14425,2371,60.87,84,138,,95.9,374,390,52,8.84,1728,19552,
ibex_200k_riscvdv_baseline,baseline_riscvdv_200k_dense_seed888,888,110,110000,110000,bsd_cov_sample_110000,/home/lvzhengyang/workspace/BSD-Cov/designs/ibex/dv/bsdcov/experiments/ibex_riscvdv/baseline_200k/sample_cov/baseline_riscvdv_200k_dense_seed888/bsd_cov_sample_110000/report/cov_report.txt,114.30960691598011,80.82,11298,13980,1703,63.82,4469,7002,358,82.76,11938,14425,2371,69.23,3969,5733,5063,72.48,26466,36515,9322,82.76,11938,14425,2371,60.87,84,138,,95.9,374,390,52,8.85,1730,19552,
ibex_200k_riscvdv_baseline,baseline_riscvdv_200k_dense_seed888,888,111,111000,111000,bsd_cov_sample_111000,/home/lvzhengyang/workspace/BSD-Cov/designs/ibex/dv/bsdcov/experiments/ibex_riscvdv/baseline_200k/sample_cov/baseline_riscvdv_200k_dense_seed888/bsd_cov_sample_111000/report/cov_report.txt,114.45563494798262,80.82,11298,13980,1703,63.82,4469,7002,358,82.76,11938,14425,2371,69.23,3969,5733,5063,72.48,26466,36515,9322,82.76,11938,14425,2371,60.87,84,138,,95.9,374,390,52,8.85,1730,19552,
ibex_200k_riscvdv_baseline,baseline_riscvdv_200k_dense_seed888,888,112,112000,112000,bsd_cov_sample_112000,/home/lvzhengyang/workspace/BSD-Cov/designs/ibex/dv/bsdcov/experiments/ibex_riscvdv/baseline_200k/sample_cov/baseline_riscvdv_200k_dense_seed888/bsd_cov_sample_112000/report/cov_report.txt,112.66225568001391,80.82,11298,13980,1703,63.82,4469,7002,358,82.76,11938,14425,2371,69.23,3969,5733,5063,72.48,26466,36515,9322,82.76,11938,14425,2371,60.87,84,138,,95.9,374,390,52,8.86,1732,19552,
ibex_200k_riscvdv_baseline,baseline_riscvdv_200k_dense_seed888,888,113,113000,113000,bsd_cov_sample_113000,/home/lvzhengyang/workspace/BSD-Cov/designs/ibex/dv/bsdcov/experiments/ibex_riscvdv/baseline_200k/sample_cov/baseline_riscvdv_200k_dense_seed888/bsd_cov_sample_113000/report/cov_report.txt,110.95277747401269,80.82,11298,13980,1703,63.82,4469,7002,358,82.76,11938,14425,2371,69.23,3969,5733,5063,72.5,26474,36515,9322,82.76,11938,14425,2371,60.87,84,138,,95.9,374,390,52,8.86,1732,19552,
ibex_200k_riscvdv_baseline,baseline_riscvdv_200k_dense_seed888,888,114,114000,114000,bsd_cov_sample_114000,/home/lvzhengyang/workspace/BSD-Cov/designs/ibex/dv/bsdcov/experiments/ibex_riscvdv/baseline_200k/sample_cov/baseline_riscvdv_200k_dense_seed888/bsd_cov_sample_114000/report/cov_report.txt,111.9402592300321,80.82,11298,13980,1703,63.82,4469,7002,358,82.76,11938,14425,2371,69.23,3969,5733,5063,72.5,26474,36515,9322,82.76,11938,14425,2371,60.87,84,138,,95.9,374,390,52,8.86,1732,19552,
ibex_200k_riscvdv_baseline,baseline_riscvdv_200k_dense_seed888,888,115,115000,115000,bsd_cov_sample_115000,/home/lvzhengyang/workspace/BSD-Cov/designs/ibex/dv/bsdcov/experiments/ibex_riscvdv/baseline_200k/sample_cov/baseline_riscvdv_200k_dense_seed888/bsd_cov_sample_115000/report/cov_report.txt,114.07984208600828,80.82,11298,13980,1703,63.82,4469,7002,358,82.76,11938,14425,2371,69.23,3969,5733,5063,72.5,26474,36515,9322,82.76,11938,14425,2371,60.87,84,138,,95.9,374,390,52,8.86,1732,19552,
ibex_200k_riscvdv_baseline,baseline_riscvdv_200k_dense_seed888,888,116,116000,116000,bsd_cov_sample_116000,/home/lvzhengyang/workspace/BSD-Cov/designs/ibex/dv/bsdcov/experiments/ibex_riscvdv/baseline_200k/sample_cov/baseline_riscvdv_200k_dense_seed888/bsd_cov_sample_116000/report/cov_report.txt,113.61867381900083,80.84,11302,13980,1703,63.88,4473,7002,358,82.79,11942,14425,2371,69.23,3969,5733,5063,72.52,26480,36515,9322,82.79,11942,14425,2371,60.87,84,138,,95.9,374,390,52,8.86,1732,19552,
ibex_200k_riscvdv_baseline,baseline_riscvdv_200k_dense_seed888,888,117,117000,117000,bsd_cov_sample_117000,/home/lvzhengyang/workspace/BSD-Cov/designs/ibex/dv/bsdcov/experiments/ibex_riscvdv/baseline_200k/sample_cov/baseline_riscvdv_200k_dense_seed888/bsd_cov_sample_117000/report/cov_report.txt,113.20820689399261,80.87,11306,13980,1703,63.94,4477,7002,358,82.81,11946,14425,2371,69.3,3973,5733,5063,72.52,26480,36515,9322,82.81,11946,14425,2371,60.87,84,138,,95.9,374,390,52,8.87,1734,19552,
ibex_200k_riscvdv_baseline,baseline_riscvdv_200k_dense_seed888,888,118,118000,118000,bsd_cov_sample_118000,/home/lvzhengyang/workspace/BSD-Cov/designs/ibex/dv/bsdcov/experiments/ibex_riscvdv/baseline_200k/sample_cov/baseline_riscvdv_200k_dense_seed888/bsd_cov_sample_118000/report/cov_report.txt,111.56341986800544,80.91,11311,13980,1703,63.98,4480,7002,358,82.84,11950,14425,2371,69.32,3974,5733,5063,72.52,26480,36515,9322,82.84,11950,14425,2371,60.87,84,138,,95.9,374,390,52,8.88,1736,19552,
ibex_200k_riscvdv_baseline,baseline_riscvdv_200k_dense_seed888,888,119,119000,119000,bsd_cov_sample_119000,/home/lvzhengyang/workspace/BSD-Cov/designs/ibex/dv/bsdcov/experiments/ibex_riscvdv/baseline_200k/sample_cov/baseline_riscvdv_200k_dense_seed888/bsd_cov_sample_119000/report/cov_report.txt,110.95975253998768,80.91,11311,13980,1703,63.98,4480,7002,358,82.84,11950,14425,2371,69.32,3974,5733,5063,72.52,26480,36515,9322,82.84,11950,14425,2371,60.87,84,138,,95.9,374,390,52,8.88,1736,19552,
ibex_200k_riscvdv_baseline,baseline_riscvdv_200k_dense_seed888,888,120,120000,120000,bsd_cov_sample_120000,/home/lvzhengyang/workspace/BSD-Cov/designs/ibex/dv/bsdcov/experiments/ibex_riscvdv/baseline_200k/sample_cov/baseline_riscvdv_200k_dense_seed888/bsd_cov_sample_120000/report/cov_report.txt,113.81368951301556,80.91,11311,13980,1703,63.98,4480,7002,358,82.84,11950,14425,2371,69.32,3974,5733,5063,72.52,26480,36515,9322,82.84,11950,14425,2371,60.87,84,138,,95.9,374,390,52,8.88,1736,19552,
ibex_200k_riscvdv_baseline,baseline_riscvdv_200k_dense_seed888,888,121,121000,121000,bsd_cov_sample_121000,/home/lvzhengyang/workspace/BSD-Cov/designs/ibex/dv/bsdcov/experiments/ibex_riscvdv/baseline_200k/sample_cov/baseline_riscvdv_200k_dense_seed888/bsd_cov_sample_121000/report/cov_report.txt,112.87842568696942,80.91,11311,13980,1703,63.98,4480,7002,358,82.84,11950,14425,2371,69.32,3974,5733,5063,72.52,26480,36515,9322,82.84,11950,14425,2371,60.87,84,138,,95.9,374,390,52,8.88,1736,19552,
ibex_200k_riscvdv_baseline,baseline_riscvdv_200k_dense_seed888,888,122,122000,122000,bsd_cov_sample_122000,/home/lvzhengyang/workspace/BSD-Cov/designs/ibex/dv/bsdcov/experiments/ibex_riscvdv/baseline_200k/sample_cov/baseline_riscvdv_200k_dense_seed888/bsd_cov_sample_122000/report/cov_report.txt,115.67671012703795,80.91,11311,13980,1703,63.98,4480,7002,358,82.84,11950,14425,2371,69.32,3974,5733,5063,72.52,26480,36515,9322,82.84,11950,14425,2371,60.87,84,138,,95.9,374,390,52,8.88,1736,19552,
ibex_200k_riscvdv_baseline,baseline_riscvdv_200k_dense_seed888,888,123,123000,123000,bsd_cov_sample_123000,/home/lvzhengyang/workspace/BSD-Cov/designs/ibex/dv/bsdcov/experiments/ibex_riscvdv/baseline_200k/sample_cov/baseline_riscvdv_200k_dense_seed888/bsd_cov_sample_123000/report/cov_report.txt,110.87775100301951,80.91,11311,13980,1703,63.98,4480,7002,358,82.84,11950,14425,2371,69.32,3974,5733,5063,72.52,26480,36515,9322,82.84,11950,14425,2371,60.87,84,138,,95.9,374,390,52,8.88,1736,19552,
ibex_200k_riscvdv_baseline,baseline_riscvdv_200k_dense_seed888,888,124,124000,124000,bsd_cov_sample_124000,/home/lvzhengyang/workspace/BSD-Cov/designs/ibex/dv/bsdcov/experiments/ibex_riscvdv/baseline_200k/sample_cov/baseline_riscvdv_200k_dense_seed888/bsd_cov_sample_124000/report/cov_report.txt,115.7810873700073,80.91,11311,13980,1703,63.98,4480,7002,358,82.84,11950,14425,2371,69.32,3974,5733,5063,72.55,26490,36515,9322,82.84,11950,14425,2371,60.87,84,138,,95.9,374,390,52,8.88,1736,19552,
ibex_200k_riscvdv_baseline,baseline_riscvdv_200k_dense_seed888,888,125,125000,125000,bsd_cov_sample_125000,/home/lvzhengyang/workspace/BSD-Cov/designs/ibex/dv/bsdcov/experiments/ibex_riscvdv/baseline_200k/sample_cov/baseline_riscvdv_200k_dense_seed888/bsd_cov_sample_125000/report/cov_report.txt,115.78923032799503,80.92,11313,13980,1703,64.01,4482,7002,358,82.86,11952,14425,2371,69.32,3974,5733,5063,72.55,26490,36515,9322,82.86,11952,14425,2371,60.87,84,138,,95.9,374,390,52,8.88,1736,19552,
ibex_200k_riscvdv_baseline,baseline_riscvdv_200k_dense_seed888,888,126,126000,126000,bsd_cov_sample_126000,/home/lvzhengyang/workspace/BSD-Cov/designs/ibex/dv/bsdcov/experiments/ibex_riscvdv/baseline_200k/sample_cov/baseline_riscvdv_200k_dense_seed888/bsd_cov_sample_126000/report/cov_report.txt,115.54888308903901,80.92,11313,13980,1703,64.01,4482,7002,358,82.86,11952,14425,2371,69.32,3974,5733,5063,72.55,26490,36515,9322,82.86,11952,14425,2371,60.87,84,138,,95.9,374,390,52,8.88,1736,19552,
ibex_200k_riscvdv_baseline,baseline_riscvdv_200k_dense_seed888,888,127,127000,127000,bsd_cov_sample_127000,/home/lvzhengyang/workspace/BSD-Cov/designs/ibex/dv/bsdcov/experiments/ibex_riscvdv/baseline_200k/sample_cov/baseline_riscvdv_200k_dense_seed888/bsd_cov_sample_127000/report/cov_report.txt,115.61988803104032,80.92,11313,13980,1703,64.01,4482,7002,358,82.86,11952,14425,2371,69.32,3974,5733,5063,72.55,26490,36515,9322,82.86,11952,14425,2371,60.87,84,138,,95.9,374,390,52,8.88,1736,19552,
ibex_200k_riscvdv_baseline,baseline_riscvdv_200k_dense_seed888,888,128,128000,128000,bsd_cov_sample_128000,/home/lvzhengyang/workspace/BSD-Cov/designs/ibex/dv/bsdcov/experiments/ibex_riscvdv/baseline_200k/sample_cov/baseline_riscvdv_200k_dense_seed888/bsd_cov_sample_128000/report/cov_report.txt,115.22590267600026,80.92,11313,13980,1703,64.01,4482,7002,358,82.86,11952,14425,2371,69.32,3974,5733,5063,72.55,26490,36515,9322,82.86,11952,14425,2371,60.87,84,138,,95.9,374,390,52,8.89,1738,19552,
ibex_200k_riscvdv_baseline,baseline_riscvdv_200k_dense_seed888,888,129,129000,129000,bsd_cov_sample_129000,/home/lvzhengyang/workspace/BSD-Cov/designs/ibex/dv/bsdcov/experiments/ibex_riscvdv/baseline_200k/sample_cov/baseline_riscvdv_200k_dense_seed888/bsd_cov_sample_129000/report/cov_report.txt,111.44575296796393,80.92,11313,13980,1703,64.01,4482,7002,358,82.86,11952,14425,2371,69.32,3974,5733,5063,72.55,26490,36515,9322,82.86,11952,14425,2371,60.87,84,138,,95.9,374,390,52,8.89,1738,19552,
ibex_200k_riscvdv_baseline,baseline_riscvdv_200k_dense_seed888,888,130,130000,130000,bsd_cov_sample_130000,/home/lvzhengyang/workspace/BSD-Cov/designs/ibex/dv/bsdcov/experiments/ibex_riscvdv/baseline_200k/sample_cov/baseline_riscvdv_200k_dense_seed888/bsd_cov_sample_130000/report/cov_report.txt,116.00307671102928,80.92,11313,13980,1703,64.01,4482,7002,358,82.86,11952,14425,2371,69.32,3974,5733,5063,72.55,26490,36515,9322,82.86,11952,14425,2371,60.87,84,138,,95.9,374,390,52,8.89,1738,19552,
ibex_200k_riscvdv_baseline,baseline_riscvdv_200k_dense_seed888,888,131,131000,131000,bsd_cov_sample_131000,/home/lvzhengyang/workspace/BSD-Cov/designs/ibex/dv/bsdcov/experiments/ibex_riscvdv/baseline_200k/sample_cov/baseline_riscvdv_200k_dense_seed888/bsd_cov_sample_131000/report/cov_report.txt,113.00360156700481,80.95,11317,13980,1703,64.07,4486,7002,358,82.88,11956,14425,2371,69.32,3974,5733,5063,72.59,26506,36515,9322,82.88,11956,14425,2371,60.87,84,138,,95.9,374,390,52,8.89,1738,19552,
ibex_200k_riscvdv_baseline,baseline_riscvdv_200k_dense_seed888,888,132,132000,132000,bsd_cov_sample_132000,/home/lvzhengyang/workspace/BSD-Cov/designs/ibex/dv/bsdcov/experiments/ibex_riscvdv/baseline_200k/sample_cov/baseline_riscvdv_200k_dense_seed888/bsd_cov_sample_132000/report/cov_report.txt,109.24664709804347,80.95,11317,13980,1703,64.07,4486,7002,358,82.88,11956,14425,2371,69.32,3974,5733,5063,72.59,26506,36515,9322,82.88,11956,14425,2371,60.87,84,138,,95.9,374,390,52,8.89,1738,19552,
ibex_200k_riscvdv_baseline,baseline_riscvdv_200k_dense_seed888,888,133,133000,133000,bsd_cov_sample_133000,/home/lvzhengyang/workspace/BSD-Cov/designs/ibex/dv/bsdcov/experiments/ibex_riscvdv/baseline_200k/sample_cov/baseline_riscvdv_200k_dense_seed888/bsd_cov_sample_133000/report/cov_report.txt,112.92394684703322,80.95,11317,13980,1703,64.07,4486,7002,358,82.88,11956,14425,2371,69.32,3974,5733,5063,72.59,26506,36515,9322,82.88,11956,14425,2371,60.87,84,138,,95.9,374,390,52,8.89,1738,19552,
ibex_200k_riscvdv_baseline,baseline_riscvdv_200k_dense_seed888,888,134,134000,134000,bsd_cov_sample_134000,/home/lvzhengyang/workspace/BSD-Cov/designs/ibex/dv/bsdcov/experiments/ibex_riscvdv/baseline_200k/sample_cov/baseline_riscvdv_200k_dense_seed888/bsd_cov_sample_134000/report/cov_report.txt,113.70725223002955,80.95,11317,13980,1703,64.07,4486,7002,358,82.88,11956,14425,2371,69.32,3974,5733,5063,72.59,26506,36515,9322,82.88,11956,14425,2371,60.87,84,138,,95.9,374,390,52,8.89,1738,19552,
ibex_200k_riscvdv_baseline,baseline_riscvdv_200k_dense_seed888,888,135,135000,135000,bsd_cov_sample_135000,/home/lvzhengyang/workspace/BSD-Cov/designs/ibex/dv/bsdcov/experiments/ibex_riscvdv/baseline_200k/sample_cov/baseline_riscvdv_200k_dense_seed888/bsd_cov_sample_135000/report/cov_report.txt,112.65099874400767,80.95,11317,13980,1703,64.07,4486,7002,358,82.88,11956,14425,2371,69.32,3974,5733,5063,72.59,26506,36515,9322,82.88,11956,14425,2371,60.87,84,138,,95.9,374,390,52,8.89,1738,19552,
ibex_200k_riscvdv_baseline,baseline_riscvdv_200k_dense_seed888,888,136,136000,136000,bsd_cov_sample_136000,/home/lvzhengyang/workspace/BSD-Cov/designs/ibex/dv/bsdcov/experiments/ibex_riscvdv/baseline_200k/sample_cov/baseline_riscvdv_200k_dense_seed888/bsd_cov_sample_136000/report/cov_report.txt,108.92253205098677,80.95,11317,13980,1703,64.07,4486,7002,358,82.88,11956,14425,2371,69.32,3974,5733,5063,72.59,26506,36515,9322,82.88,11956,14425,2371,60.87,84,138,,95.9,374,390,52,8.89,1738,19552,
ibex_200k_riscvdv_baseline,baseline_riscvdv_200k_dense_seed888,888,137,137000,137000,bsd_cov_sample_137000,/home/lvzhengyang/workspace/BSD-Cov/designs/ibex/dv/bsdcov/experiments/ibex_riscvdv/baseline_200k/sample_cov/baseline_riscvdv_200k_dense_seed888/bsd_cov_sample_137000/report/cov_report.txt,112.80326529900776,80.95,11317,13980,1703,64.07,4486,7002,358,82.88,11956,14425,2371,69.32,3974,5733,5063,72.59,26506,36515,9322,82.88,11956,14425,2371,60.87,84,138,,95.9,374,390,52,8.89,1738,19552,
ibex_200k_riscvdv_baseline,baseline_riscvdv_200k_dense_seed888,888,138,138000,138000,bsd_cov_sample_138000,/home/lvzhengyang/workspace/BSD-Cov/designs/ibex/dv/bsdcov/experiments/ibex_riscvdv/baseline_200k/sample_cov/baseline_riscvdv_200k_dense_seed888/bsd_cov_sample_138000/report/cov_report.txt,110.85296135302633,80.95,11317,13980,1703,64.07,4486,7002,358,82.88,11956,14425,2371,69.32,3974,5733,5063,72.59,26506,36515,9322,82.88,11956,14425,2371,60.87,84,138,,95.9,374,390,52,8.89,1738,19552,
ibex_200k_riscvdv_baseline,baseline_riscvdv_200k_dense_seed888,888,139,139000,139000,bsd_cov_sample_139000,/home/lvzhengyang/workspace/BSD-Cov/designs/ibex/dv/bsdcov/experiments/ibex_riscvdv/baseline_200k/sample_cov/baseline_riscvdv_200k_dense_seed888/bsd_cov_sample_139000/report/cov_report.txt,111.1407930200221,80.95,11317,13980,1703,64.07,4486,7002,358,82.88,11956,14425,2371,69.32,3974,5733,5063,72.59,26506,36515,9322,82.88,11956,14425,2371,60.87,84,138,,95.9,374,390,52,8.89,1738,19552,
ibex_200k_riscvdv_baseline,baseline_riscvdv_200k_dense_seed888,888,140,140000,140000,bsd_cov_sample_140000,/home/lvzhengyang/workspace/BSD-Cov/designs/ibex/dv/bsdcov/experiments/ibex_riscvdv/baseline_200k/sample_cov/baseline_riscvdv_200k_dense_seed888/bsd_cov_sample_140000/report/cov_report.txt,111.13925783202285,80.95,11317,13980,1703,64.07,4486,7002,358,82.88,11956,14425,2371,69.32,3974,5733,5063,72.59,26506,36515,9322,82.88,11956,14425,2371,60.87,84,138,,95.9,374,390,52,8.89,1738,19552,
ibex_200k_riscvdv_baseline,baseline_riscvdv_200k_dense_seed888,888,141,141000,141000,bsd_cov_sample_141000,/home/lvzhengyang/workspace/BSD-Cov/designs/ibex/dv/bsdcov/experiments/ibex_riscvdv/baseline_200k/sample_cov/baseline_riscvdv_200k_dense_seed888/bsd_cov_sample_141000/report/cov_report.txt,109.47358631098177,80.95,11317,13980,1703,64.07,4486,7002,358,82.88,11956,14425,2371,69.32,3974,5733,5063,72.59,26506,36515,9322,82.88,11956,14425,2371,60.87,84,138,,95.9,374,390,52,8.89,1738,19552,
ibex_200k_riscvdv_baseline,baseline_riscvdv_200k_dense_seed888,888,142,142000,142000,bsd_cov_sample_142000,/home/lvzhengyang/workspace/BSD-Cov/designs/ibex/dv/bsdcov/experiments/ibex_riscvdv/baseline_200k/sample_cov/baseline_riscvdv_200k_dense_seed888/bsd_cov_sample_142000/report/cov_report.txt,110.83120192203205,80.95,11317,13980,1703,64.07,4486,7002,358,82.88,11956,14425,2371,69.32,3974,5733,5063,72.59,26506,36515,9322,82.88,11956,14425,2371,60.87,84,138,,95.9,374,390,52,8.89,1738,19552,
ibex_200k_riscvdv_baseline,baseline_riscvdv_200k_dense_seed888,888,143,143000,143000,bsd_cov_sample_143000,/home/lvzhengyang/workspace/BSD-Cov/designs/ibex/dv/bsdcov/experiments/ibex_riscvdv/baseline_200k/sample_cov/baseline_riscvdv_200k_dense_seed888/bsd_cov_sample_143000/report/cov_report.txt,112.08182182098972,80.95,11317,13980,1703,64.07,4486,7002,358,82.88,11956,14425,2371,69.32,3974,5733,5063,72.59,26506,36515,9322,82.88,11956,14425,2371,60.87,84,138,,95.9,374,390,52,8.89,1738,19552,
ibex_200k_riscvdv_baseline,baseline_riscvdv_200k_dense_seed888,888,144,144000,144000,bsd_cov_sample_144000,/home/lvzhengyang/workspace/BSD-Cov/designs/ibex/dv/bsdcov/experiments/ibex_riscvdv/baseline_200k/sample_cov/baseline_riscvdv_200k_dense_seed888/bsd_cov_sample_144000/report/cov_report.txt,113.82126963499468,80.97,11319,13980,1703,64.1,4488,7002,358,82.9,11958,14425,2371,69.32,3974,5733,5063,72.59,26506,36515,9322,82.9,11958,14425,2371,60.87,84,138,,95.9,374,390,52,8.89,1738,19552,
ibex_200k_riscvdv_baseline,baseline_riscvdv_200k_dense_seed888,888,145,145000,145000,bsd_cov_sample_145000,/home/lvzhengyang/workspace/BSD-Cov/designs/ibex/dv/bsdcov/experiments/ibex_riscvdv/baseline_200k/sample_cov/baseline_riscvdv_200k_dense_seed888/bsd_cov_sample_145000/report/cov_report.txt,112.37761353497626,80.97,11319,13980,1703,64.1,4488,7002,358,82.9,11958,14425,2371,69.32,3974,5733,5063,72.59,26506,36515,9322,82.9,11958,14425,2371,60.87,84,138,,95.9,374,390,52,8.89,1738,19552,
ibex_200k_riscvdv_baseline,baseline_riscvdv_200k_dense_seed888,888,146,146000,146000,bsd_cov_sample_146000,/home/lvzhengyang/workspace/BSD-Cov/designs/ibex/dv/bsdcov/experiments/ibex_riscvdv/baseline_200k/sample_cov/baseline_riscvdv_200k_dense_seed888/bsd_cov_sample_146000/report/cov_report.txt,111.3653127499856,80.97,11319,13980,1703,64.1,4488,7002,358,82.9,11958,14425,2371,69.32,3974,5733,5063,72.59,26506,36515,9322,82.9,11958,14425,2371,60.87,84,138,,95.9,374,390,52,8.89,1738,19552,
ibex_200k_riscvdv_baseline,baseline_riscvdv_200k_dense_seed888,888,147,147000,147000,bsd_cov_sample_147000,/home/lvzhengyang/workspace/BSD-Cov/designs/ibex/dv/bsdcov/experiments/ibex_riscvdv/baseline_200k/sample_cov/baseline_riscvdv_200k_dense_seed888/bsd_cov_sample_147000/report/cov_report.txt,115.37183444498805,80.97,11319,13980,1703,64.1,4488,7002,358,82.9,11958,14425,2371,69.32,3974,5733,5063,72.59,26506,36515,9322,82.9,11958,14425,2371,60.87,84,138,,95.9,374,390,52,8.9,1740,19552,
ibex_200k_riscvdv_baseline,baseline_riscvdv_200k_dense_seed888,888,148,148000,148000,bsd_cov_sample_148000,/home/lvzhengyang/workspace/BSD-Cov/designs/ibex/dv/bsdcov/experiments/ibex_riscvdv/baseline_200k/sample_cov/baseline_riscvdv_200k_dense_seed888/bsd_cov_sample_148000/report/cov_report.txt,113.26139108097414,80.97,11319,13980,1703,64.1,4488,7002,358,82.9,11958,14425,2371,69.32,3974,5733,5063,72.59,26506,36515,9322,82.9,11958,14425,2371,60.87,84,138,,95.9,374,390,52,8.9,1740,19552,
ibex_200k_riscvdv_baseline,baseline_riscvdv_200k_dense_seed888,888,149,149000,149000,bsd_cov_sample_149000,/home/lvzhengyang/workspace/BSD-Cov/designs/ibex/dv/bsdcov/experiments/ibex_riscvdv/baseline_200k/sample_cov/baseline_riscvdv_200k_dense_seed888/bsd_cov_sample_149000/report/cov_report.txt,114.03725306899287,80.97,11319,13980,1703,64.1,4488,7002,358,82.9,11958,14425,2371,69.32,3974,5733,5063,72.59,26506,36515,9322,82.9,11958,14425,2371,60.87,84,138,,95.9,374,390,52,8.9,1740,19552,
ibex_200k_riscvdv_baseline,baseline_riscvdv_200k_dense_seed888,888,150,150000,150000,bsd_cov_sample_150000,/home/lvzhengyang/workspace/BSD-Cov/designs/ibex/dv/bsdcov/experiments/ibex_riscvdv/baseline_200k/sample_cov/baseline_riscvdv_200k_dense_seed888/bsd_cov_sample_150000/report/cov_report.txt,113.59594617201947,80.97,11319,13980,1703,64.1,4488,7002,358,82.9,11958,14425,2371,69.32,3974,5733,5063,72.59,26506,36515,9322,82.9,11958,14425,2371,60.87,84,138,,95.9,374,390,52,8.9,1740,19552,
ibex_200k_riscvdv_baseline,baseline_riscvdv_200k_dense_seed888,888,151,151000,151000,bsd_cov_sample_151000,/home/lvzhengyang/workspace/BSD-Cov/designs/ibex/dv/bsdcov/experiments/ibex_riscvdv/baseline_200k/sample_cov/baseline_riscvdv_200k_dense_seed888/bsd_cov_sample_151000/report/cov_report.txt,114.025136183016,80.97,11319,13980,1703,64.1,4488,7002,358,82.9,11958,14425,2371,69.32,3974,5733,5063,72.59,26506,36515,9322,82.9,11958,14425,2371,60.87,84,138,,95.9,374,390,52,8.9,1740,19552,
ibex_200k_riscvdv_baseline,baseline_riscvdv_200k_dense_seed888,888,152,152000,152000,bsd_cov_sample_152000,/home/lvzhengyang/workspace/BSD-Cov/designs/ibex/dv/bsdcov/experiments/ibex_riscvdv/baseline_200k/sample_cov/baseline_riscvdv_200k_dense_seed888/bsd_cov_sample_152000/report/cov_report.txt,115.16935506899608,80.99,11323,13980,1703,64.15,4492,7002,358,82.93,11962,14425,2371,69.32,3974,5733,5063,72.61,26512,36515,9322,82.93,11962,14425,2371,60.87,84,138,,95.9,374,390,52,8.9,1740,19552,
ibex_200k_riscvdv_baseline,baseline_riscvdv_200k_dense_seed888,888,153,153000,153000,bsd_cov_sample_153000,/home/lvzhengyang/workspace/BSD-Cov/designs/ibex/dv/bsdcov/experiments/ibex_riscvdv/baseline_200k/sample_cov/baseline_riscvdv_200k_dense_seed888/bsd_cov_sample_153000/report/cov_report.txt,112.83943094703136,81.01,11325,13980,1703,64.18,4494,7002,358,82.94,11964,14425,2371,69.32,3974,5733,5063,72.63,26522,36515,9322,82.94,11964,14425,2371,60.87,84,138,,95.9,374,390,52,8.9,1740,19552,
ibex_200k_riscvdv_baseline,baseline_riscvdv_200k_dense_seed888,888,154,154000,154000,bsd_cov_sample_154000,/home/lvzhengyang/workspace/BSD-Cov/designs/ibex/dv/bsdcov/experiments/ibex_riscvdv/baseline_200k/sample_cov/baseline_riscvdv_200k_dense_seed888/bsd_cov_sample_154000/report/cov_report.txt,114.47526634897804,81.01,11325,13980,1703,64.18,4494,7002,358,82.94,11964,14425,2371,69.32,3974,5733,5063,72.63,26522,36515,9322,82.94,11964,14425,2371,60.87,84,138,,95.9,374,390,52,8.9,1740,19552,
ibex_200k_riscvdv_baseline,baseline_riscvdv_200k_dense_seed888,888,155,155000,155000,bsd_cov_sample_155000,/home/lvzhengyang/workspace/BSD-Cov/designs/ibex/dv/bsdcov/experiments/ibex_riscvdv/baseline_200k/sample_cov/baseline_riscvdv_200k_dense_seed888/bsd_cov_sample_155000/report/cov_report.txt,112.00436691299547,81.02,11327,13980,1703,64.21,4496,7002,358,82.95,11966,14425,2371,69.32,3974,5733,5063,72.63,26522,36515,9322,82.95,11966,14425,2371,60.87,84,138,,95.9,374,390,52,8.9,1740,19552,
ibex_200k_riscvdv_baseline,baseline_riscvdv_200k_dense_seed888,888,156,156000,156000,bsd_cov_sample_156000,/home/lvzhengyang/workspace/BSD-Cov/designs/ibex/dv/bsdcov/experiments/ibex_riscvdv/baseline_200k/sample_cov/baseline_riscvdv_200k_dense_seed888/bsd_cov_sample_156000/report/cov_report.txt,111.57316093100235,81.02,11327,13980,1703,64.21,4496,7002,358,82.95,11966,14425,2371,69.32,3974,5733,5063,72.63,26522,36515,9322,82.95,11966,14425,2371,60.87,84,138,,95.9,374,390,52,8.9,1740,19552,
ibex_200k_riscvdv_baseline,baseline_riscvdv_200k_dense_seed888,888,157,157000,157000,bsd_cov_sample_157000,/home/lvzhengyang/workspace/BSD-Cov/designs/ibex/dv/bsdcov/experiments/ibex_riscvdv/baseline_200k/sample_cov/baseline_riscvdv_200k_dense_seed888/bsd_cov_sample_157000/report/cov_report.txt,115.33070040895836,81.02,11327,13980,1703,64.21,4496,7002,358,82.95,11966,14425,2371,69.32,3974,5733,5063,72.64,26524,36515,9322,82.95,11966,14425,2371,60.87,84,138,,95.9,374,390,52,8.9,1740,19552,
ibex_200k_riscvdv_baseline,baseline_riscvdv_200k_dense_seed888,888,158,158000,158000,bsd_cov_sample_158000,/home/lvzhengyang/workspace/BSD-Cov/designs/ibex/dv/bsdcov/experiments/ibex_riscvdv/baseline_200k/sample_cov/baseline_riscvdv_200k_dense_seed888/bsd_cov_sample_158000/report/cov_report.txt,113.88803510204889,81.02,11327,13980,1703,64.21,4496,7002,358,82.95,11966,14425,2371,69.32,3974,5733,5063,72.64,26524,36515,9322,82.95,11966,14425,2371,60.87,84,138,,95.9,374,390,52,8.9,1740,19552,
ibex_200k_riscvdv_baseline,baseline_riscvdv_200k_dense_seed888,888,159,159000,159000,bsd_cov_sample_159000,/home/lvzhengyang/workspace/BSD-Cov/designs/ibex/dv/bsdcov/experiments/ibex_riscvdv/baseline_200k/sample_cov/baseline_riscvdv_200k_dense_seed888/bsd_cov_sample_159000/report/cov_report.txt,112.82092469296185,81.02,11327,13980,1703,64.21,4496,7002,358,82.95,11966,14425,2371,69.32,3974,5733,5063,72.64,26524,36515,9322,82.95,11966,14425,2371,60.87,84,138,,95.9,374,390,52,8.9,1740,19552,
ibex_200k_riscvdv_baseline,baseline_riscvdv_200k_dense_seed888,888,160,160000,160000,bsd_cov_sample_160000,/home/lvzhengyang/workspace/BSD-Cov/designs/ibex/dv/bsdcov/experiments/ibex_riscvdv/baseline_200k/sample_cov/baseline_riscvdv_200k_dense_seed888/bsd_cov_sample_160000/report/cov_report.txt,112.82104437897215,81.04,11329,13980,1703,64.24,4498,7002,358,82.97,11968,14425,2371,69.32,3974,5733,5063,72.66,26530,36515,9322,82.97,11968,14425,2371,60.87,84,138,,95.9,374,390,52,8.9,1740,19552,
ibex_200k_riscvdv_baseline,baseline_riscvdv_200k_dense_seed888,888,161,161000,161000,bsd_cov_sample_161000,/home/lvzhengyang/workspace/BSD-Cov/designs/ibex/dv/bsdcov/experiments/ibex_riscvdv/baseline_200k/sample_cov/baseline_riscvdv_200k_dense_seed888/bsd_cov_sample_161000/report/cov_report.txt,115.49328493099893,81.07,11333,13980,1703,64.27,4500,7002,358,82.99,11972,14425,2371,69.32,3974,5733,5063,72.66,26530,36515,9322,82.99,11972,14425,2371,60.87,84,138,,95.9,374,390,52,8.9,1740,19552,
ibex_200k_riscvdv_baseline,baseline_riscvdv_200k_dense_seed888,888,162,162000,162000,bsd_cov_sample_162000,/home/lvzhengyang/workspace/BSD-Cov/designs/ibex/dv/bsdcov/experiments/ibex_riscvdv/baseline_200k/sample_cov/baseline_riscvdv_200k_dense_seed888/bsd_cov_sample_162000/report/cov_report.txt,112.6497336869943,81.07,11333,13980,1703,64.27,4500,7002,358,82.99,11972,14425,2371,69.32,3974,5733,5063,72.66,26530,36515,9322,82.99,11972,14425,2371,60.87,84,138,,95.9,374,390,52,8.9,1740,19552,
ibex_200k_riscvdv_baseline,baseline_riscvdv_200k_dense_seed888,888,163,163000,163000,bsd_cov_sample_163000,/home/lvzhengyang/workspace/BSD-Cov/designs/ibex/dv/bsdcov/experiments/ibex_riscvdv/baseline_200k/sample_cov/baseline_riscvdv_200k_dense_seed888/bsd_cov_sample_163000/report/cov_report.txt,113.84006040298846,81.07,11333,13980,1703,64.27,4500,7002,358,82.99,11972,14425,2371,69.32,3974,5733,5063,72.66,26530,36515,9322,82.99,11972,14425,2371,60.87,84,138,,95.9,374,390,52,8.9,1740,19552,
ibex_200k_riscvdv_baseline,baseline_riscvdv_200k_dense_seed888,888,164,164000,164000,bsd_cov_sample_164000,/home/lvzhengyang/workspace/BSD-Cov/designs/ibex/dv/bsdcov/experiments/ibex_riscvdv/baseline_200k/sample_cov/baseline_riscvdv_200k_dense_seed888/bsd_cov_sample_164000/report/cov_report.txt,110.21070577198407,81.08,11335,13980,1703,64.3,4502,7002,358,83.01,11974,14425,2371,69.32,3974,5733,5063,72.66,26530,36515,9322,83.01,11974,14425,2371,60.87,84,138,,95.9,374,390,52,8.9,1740,19552,
ibex_200k_riscvdv_baseline,baseline_riscvdv_200k_dense_seed888,888,165,165000,165000,bsd_cov_sample_165000,/home/lvzhengyang/workspace/BSD-Cov/designs/ibex/dv/bsdcov/experiments/ibex_riscvdv/baseline_200k/sample_cov/baseline_riscvdv_200k_dense_seed888/bsd_cov_sample_165000/report/cov_report.txt,119.11194561404409,81.08,11335,13980,1703,64.3,4502,7002,358,83.01,11974,14425,2371,69.32,3974,5733,5063,72.66,26530,36515,9322,83.01,11974,14425,2371,60.87,84,138,,95.9,374,390,52,8.9,1740,19552,
ibex_200k_riscvdv_baseline,baseline_riscvdv_200k_dense_seed888,888,166,166000,166000,bsd_cov_sample_166000,/home/lvzhengyang/workspace/BSD-Cov/designs/ibex/dv/bsdcov/experiments/ibex_riscvdv/baseline_200k/sample_cov/baseline_riscvdv_200k_dense_seed888/bsd_cov_sample_166000/report/cov_report.txt,112.26987618400017,81.08,11335,13980,1703,64.3,4502,7002,358,83.01,11974,14425,2371,69.32,3974,5733,5063,72.66,26530,36515,9322,83.01,11974,14425,2371,60.87,84,138,,95.9,374,390,52,8.9,1740,19552,
ibex_200k_riscvdv_baseline,baseline_riscvdv_200k_dense_seed888,888,167,167000,167000,bsd_cov_sample_167000,/home/lvzhengyang/workspace/BSD-Cov/designs/ibex/dv/bsdcov/experiments/ibex_riscvdv/baseline_200k/sample_cov/baseline_riscvdv_200k_dense_seed888/bsd_cov_sample_167000/report/cov_report.txt,115.92350193898892,81.08,11335,13980,1703,64.3,4502,7002,358,83.01,11974,14425,2371,69.32,3974,5733,5063,72.66,26530,36515,9322,83.01,11974,14425,2371,60.87,84,138,,95.9,374,390,52,8.9,1740,19552,
ibex_200k_riscvdv_baseline,baseline_riscvdv_200k_dense_seed888,888,168,168000,168000,bsd_cov_sample_168000,/home/lvzhengyang/workspace/BSD-Cov/designs/ibex/dv/bsdcov/experiments/ibex_riscvdv/baseline_200k/sample_cov/baseline_riscvdv_200k_dense_seed888/bsd_cov_sample_168000/report/cov_report.txt,110.31866410200018,81.08,11335,13980,1703,64.3,4502,7002,358,83.01,11974,14425,2371,69.32,3974,5733,5063,72.66,26530,36515,9322,83.01,11974,14425,2371,60.87,84,138,,95.9,374,390,52,8.9,1740,19552,
ibex_200k_riscvdv_baseline,baseline_riscvdv_200k_dense_seed888,888,169,169000,169000,bsd_cov_sample_169000,/home/lvzhengyang/workspace/BSD-Cov/designs/ibex/dv/bsdcov/experiments/ibex_riscvdv/baseline_200k/sample_cov/baseline_riscvdv_200k_dense_seed888/bsd_cov_sample_169000/report/cov_report.txt,114.59560623997822,81.08,11335,13980,1703,64.3,4502,7002,358,83.01,11974,14425,2371,69.32,3974,5733,5063,72.66,26530,36515,9322,83.01,11974,14425,2371,60.87,84,138,,95.9,374,390,52,8.9,1740,19552,
ibex_200k_riscvdv_baseline,baseline_riscvdv_200k_dense_seed888,888,170,170000,170000,bsd_cov_sample_170000,/home/lvzhengyang/workspace/BSD-Cov/designs/ibex/dv/bsdcov/experiments/ibex_riscvdv/baseline_200k/sample_cov/baseline_riscvdv_200k_dense_seed888/bsd_cov_sample_170000/report/cov_report.txt,116.36934409599053,81.08,11335,13980,1703,64.3,4502,7002,358,83.01,11974,14425,2371,69.32,3974,5733,5063,72.66,26530,36515,9322,83.01,11974,14425,2371,60.87,84,138,,95.9,374,390,52,8.9,1740,19552,
ibex_200k_riscvdv_baseline,baseline_riscvdv_200k_dense_seed888,888,171,171000,171000,bsd_cov_sample_171000,/home/lvzhengyang/workspace/BSD-Cov/designs/ibex/dv/bsdcov/experiments/ibex_riscvdv/baseline_200k/sample_cov/baseline_riscvdv_200k_dense_seed888/bsd_cov_sample_171000/report/cov_report.txt,115.40634993696585,81.08,11335,13980,1703,64.3,4502,7002,358,83.01,11974,14425,2371,69.32,3974,5733,5063,72.66,26530,36515,9322,83.01,11974,14425,2371,60.87,84,138,,95.9,374,390,52,8.91,1742,19552,
ibex_200k_riscvdv_baseline,baseline_riscvdv_200k_dense_seed888,888,172,172000,172000,bsd_cov_sample_172000,/home/lvzhengyang/workspace/BSD-Cov/designs/ibex/dv/bsdcov/experiments/ibex_riscvdv/baseline_200k/sample_cov/baseline_riscvdv_200k_dense_seed888/bsd_cov_sample_172000/report/cov_report.txt,112.12943495501531,81.08,11335,13980,1703,64.3,4502,7002,358,83.01,11974,14425,2371,69.32,3974,5733,5063,72.66,26530,36515,9322,83.01,11974,14425,2371,60.87,84,138,,95.9,374,390,52,8.91,1742,19552,
ibex_200k_riscvdv_baseline,baseline_riscvdv_200k_dense_seed888,888,173,173000,173000,bsd_cov_sample_173000,/home/lvzhengyang/workspace/BSD-Cov/designs/ibex/dv/bsdcov/experiments/ibex_riscvdv/baseline_200k/sample_cov/baseline_riscvdv_200k_dense_seed888/bsd_cov_sample_173000/report/cov_report.txt,109.09285626799101,81.08,11335,13980,1703,64.3,4502,7002,358,83.01,11974,14425,2371,69.32,3974,5733,5063,72.66,26530,36515,9322,83.01,11974,14425,2371,60.87,84,138,,95.9,374,390,52,8.91,1742,19552,
ibex_200k_riscvdv_baseline,baseline_riscvdv_200k_dense_seed888,888,174,174000,174000,bsd_cov_sample_174000,/home/lvzhengyang/workspace/BSD-Cov/designs/ibex/dv/bsdcov/experiments/ibex_riscvdv/baseline_200k/sample_cov/baseline_riscvdv_200k_dense_seed888/bsd_cov_sample_174000/report/cov_report.txt,112.48752460995456,81.12,11341,13980,1703,64.38,4508,7002,358,83.05,11980,14425,2371,69.42,3980,5733,5063,72.66,26530,36515,9322,83.05,11980,14425,2371,60.87,84,138,,95.9,374,390,52,8.91,1742,19552,
ibex_200k_riscvdv_baseline,baseline_riscvdv_200k_dense_seed888,888,175,175000,175000,bsd_cov_sample_175000,/home/lvzhengyang/workspace/BSD-Cov/designs/ibex/dv/bsdcov/experiments/ibex_riscvdv/baseline_200k/sample_cov/baseline_riscvdv_200k_dense_seed888/bsd_cov_sample_175000/report/cov_report.txt,113.54300091700861,81.12,11341,13980,1703,64.38,4508,7002,358,83.05,11980,14425,2371,69.42,3980,5733,5063,72.66,26530,36515,9322,83.05,11980,14425,2371,60.87,84,138,,95.9,374,390,52,8.92,1744,19552,
ibex_200k_riscvdv_baseline,baseline_riscvdv_200k_dense_seed888,888,176,176000,176000,bsd_cov_sample_176000,/home/lvzhengyang/workspace/BSD-Cov/designs/ibex/dv/bsdcov/experiments/ibex_riscvdv/baseline_200k/sample_cov/baseline_riscvdv_200k_dense_seed888/bsd_cov_sample_176000/report/cov_report.txt,110.93525921396213,81.12,11341,13980,1703,64.38,4508,7002,358,83.05,11980,14425,2371,69.42,3980,5733,5063,72.66,26530,36515,9322,83.05,11980,14425,2371,60.87,84,138,,95.9,374,390,52,8.92,1744,19552,
ibex_200k_riscvdv_baseline,baseline_riscvdv_200k_dense_seed888,888,177,177000,177000,bsd_cov_sample_177000,/home/lvzhengyang/workspace/BSD-Cov/designs/ibex/dv/bsdcov/experiments/ibex_riscvdv/baseline_200k/sample_cov/baseline_riscvdv_200k_dense_seed888/bsd_cov_sample_177000/report/cov_report.txt,112.80197741702432,81.12,11341,13980,1703,64.38,4508,7002,358,83.05,11980,14425,2371,69.42,3980,5733,5063,72.66,26530,36515,9322,83.05,11980,14425,2371,60.87,84,138,,95.9,374,390,52,8.92,1744,19552,
ibex_200k_riscvdv_baseline,baseline_riscvdv_200k_dense_seed888,888,178,178000,178000,bsd_cov_sample_178000,/home/lvzhengyang/workspace/BSD-Cov/designs/ibex/dv/bsdcov/experiments/ibex_riscvdv/baseline_200k/sample_cov/baseline_riscvdv_200k_dense_seed888/bsd_cov_sample_178000/report/cov_report.txt,112.92674778698711,81.12,11341,13980,1703,64.38,4508,7002,358,83.05,11980,14425,2371,69.44,3981,5733,5063,72.66,26530,36515,9322,83.05,11980,14425,2371,60.87,84,138,,95.9,374,390,52,8.92,1744,19552,
ibex_200k_riscvdv_baseline,baseline_riscvdv_200k_dense_seed888,888,179,179000,179000,bsd_cov_sample_179000,/home/lvzhengyang/workspace/BSD-Cov/designs/ibex/dv/bsdcov/experiments/ibex_riscvdv/baseline_200k/sample_cov/baseline_riscvdv_200k_dense_seed888/bsd_cov_sample_179000/report/cov_report.txt,111.99988059297903,81.12,11341,13980,1703,64.38,4508,7002,358,83.05,11980,14425,2371,69.44,3981,5733,5063,72.66,26530,36515,9322,83.05,11980,14425,2371,60.87,84,138,,95.9,374,390,52,8.92,1744,19552,
ibex_200k_riscvdv_baseline,baseline_riscvdv_200k_dense_seed888,888,180,180000,180000,bsd_cov_sample_180000,/home/lvzhengyang/workspace/BSD-Cov/designs/ibex/dv/bsdcov/experiments/ibex_riscvdv/baseline_200k/sample_cov/baseline_riscvdv_200k_dense_seed888/bsd_cov_sample_180000/report/cov_report.txt,113.0639662790345,81.12,11341,13980,1703,64.38,4508,7002,358,83.05,11980,14425,2371,69.44,3981,5733,5063,72.66,26530,36515,9322,83.05,11980,14425,2371,60.87,84,138,,95.9,374,390,52,8.92,1744,19552,
ibex_200k_riscvdv_baseline,baseline_riscvdv_200k_dense_seed888,888,181,181000,181000,bsd_cov_sample_181000,/home/lvzhengyang/workspace/BSD-Cov/designs/ibex/dv/bsdcov/experiments/ibex_riscvdv/baseline_200k/sample_cov/baseline_riscvdv_200k_dense_seed888/bsd_cov_sample_181000/report/cov_report.txt,113.96419535303721,81.12,11341,13980,1703,64.38,4508,7002,358,83.05,11980,14425,2371,69.44,3981,5733,5063,72.66,26530,36515,9322,83.05,11980,14425,2371,60.87,84,138,,95.9,374,390,52,8.92,1744,19552,
ibex_200k_riscvdv_baseline,baseline_riscvdv_200k_dense_seed888,888,182,182000,182000,bsd_cov_sample_182000,/home/lvzhengyang/workspace/BSD-Cov/designs/ibex/dv/bsdcov/experiments/ibex_riscvdv/baseline_200k/sample_cov/baseline_riscvdv_200k_dense_seed888/bsd_cov_sample_182000/report/cov_report.txt,110.03584983496694,81.12,11341,13980,1703,64.38,4508,7002,358,83.05,11980,14425,2371,69.44,3981,5733,5063,72.66,26530,36515,9322,83.05,11980,14425,2371,60.87,84,138,,95.9,374,390,52,8.92,1744,19552,
ibex_200k_riscvdv_baseline,baseline_riscvdv_200k_dense_seed888,888,183,183000,183000,bsd_cov_sample_183000,/home/lvzhengyang/workspace/BSD-Cov/designs/ibex/dv/bsdcov/experiments/ibex_riscvdv/baseline_200k/sample_cov/baseline_riscvdv_200k_dense_seed888/bsd_cov_sample_183000/report/cov_report.txt,112.76787607499864,81.12,11341,13980,1703,64.38,4508,7002,358,83.05,11980,14425,2371,69.44,3981,5733,5063,72.66,26530,36515,9322,83.05,11980,14425,2371,60.87,84,138,,95.9,374,390,52,8.92,1744,19552,
ibex_200k_riscvdv_baseline,baseline_riscvdv_200k_dense_seed888,888,184,184000,184000,bsd_cov_sample_184000,/home/lvzhengyang/workspace/BSD-Cov/designs/ibex/dv/bsdcov/experiments/ibex_riscvdv/baseline_200k/sample_cov/baseline_riscvdv_200k_dense_seed888/bsd_cov_sample_184000/report/cov_report.txt,114.90260563098127,81.12,11341,13980,1703,64.38,4508,7002,358,83.05,11980,14425,2371,69.44,3981,5733,5063,72.66,26530,36515,9322,83.05,11980,14425,2371,60.87,84,138,,95.9,374,390,52,8.92,1744,19552,
ibex_200k_riscvdv_baseline,baseline_riscvdv_200k_dense_seed888,888,185,185000,185000,bsd_cov_sample_185000,/home/lvzhengyang/workspace/BSD-Cov/designs/ibex/dv/bsdcov/experiments/ibex_riscvdv/baseline_200k/sample_cov/baseline_riscvdv_200k_dense_seed888/bsd_cov_sample_185000/report/cov_report.txt,109.86521606199676,81.12,11341,13980,1703,64.38,4508,7002,358,83.05,11980,14425,2371,69.44,3981,5733,5063,72.66,26530,36515,9322,83.05,11980,14425,2371,60.87,84,138,,95.9,374,390,52,8.92,1744,19552,
ibex_200k_riscvdv_baseline,baseline_riscvdv_200k_dense_seed888,888,186,186000,186000,bsd_cov_sample_186000,/home/lvzhengyang/workspace/BSD-Cov/designs/ibex/dv/bsdcov/experiments/ibex_riscvdv/baseline_200k/sample_cov/baseline_riscvdv_200k_dense_seed888/bsd_cov_sample_186000/report/cov_report.txt,111.50915341399377,81.22,11355,13980,1703,64.55,4520,7002,358,83.22,12004,14425,2371,69.46,3982,5733,5063,72.66,26530,36515,9322,83.22,12004,14425,2371,60.87,84,138,,95.9,374,390,52,8.92,1744,19552,
ibex_200k_riscvdv_baseline,baseline_riscvdv_200k_dense_seed888,888,187,187000,187000,bsd_cov_sample_187000,/home/lvzhengyang/workspace/BSD-Cov/designs/ibex/dv/bsdcov/experiments/ibex_riscvdv/baseline_200k/sample_cov/baseline_riscvdv_200k_dense_seed888/bsd_cov_sample_187000/report/cov_report.txt,115.00258430000395,81.22,11355,13980,1703,64.55,4520,7002,358,83.22,12004,14425,2371,69.46,3982,5733,5063,72.66,26530,36515,9322,83.22,12004,14425,2371,60.87,84,138,,95.9,374,390,52,8.92,1744,19552,
ibex_200k_riscvdv_baseline,baseline_riscvdv_200k_dense_seed888,888,188,188000,188000,bsd_cov_sample_188000,/home/lvzhengyang/workspace/BSD-Cov/designs/ibex/dv/bsdcov/experiments/ibex_riscvdv/baseline_200k/sample_cov/baseline_riscvdv_200k_dense_seed888/bsd_cov_sample_188000/report/cov_report.txt,114.55285707197618,81.22,11355,13980,1703,64.55,4520,7002,358,83.22,12004,14425,2371,69.74,3998,5733,5063,72.66,26530,36515,9322,83.22,12004,14425,2371,60.87,84,138,,95.9,374,390,52,8.92,1744,19552,
ibex_200k_riscvdv_baseline,baseline_riscvdv_200k_dense_seed888,888,189,189000,189000,bsd_cov_sample_189000,/home/lvzhengyang/workspace/BSD-Cov/designs/ibex/dv/bsdcov/experiments/ibex_riscvdv/baseline_200k/sample_cov/baseline_riscvdv_200k_dense_seed888/bsd_cov_sample_189000/report/cov_report.txt,113.44263805204537,81.22,11355,13980,1703,64.55,4520,7002,358,83.22,12004,14425,2371,69.74,3998,5733,5063,72.66,26530,36515,9322,83.22,12004,14425,2371,60.87,84,138,,95.9,374,390,52,8.92,1744,19552,
ibex_200k_riscvdv_baseline,baseline_riscvdv_200k_dense_seed888,888,190,190000,190000,bsd_cov_sample_190000,/home/lvzhengyang/workspace/BSD-Cov/designs/ibex/dv/bsdcov/experiments/ibex_riscvdv/baseline_200k/sample_cov/baseline_riscvdv_200k_dense_seed888/bsd_cov_sample_190000/report/cov_report.txt,113.34424067800865,81.22,11355,13980,1703,64.55,4520,7002,358,83.22,12004,14425,2371,69.74,3998,5733,5063,72.66,26530,36515,9322,83.22,12004,14425,2371,60.87,84,138,,95.9,374,390,52,8.92,1744,19552,
ibex_200k_riscvdv_baseline,baseline_riscvdv_200k_dense_seed888,888,191,191000,191000,bsd_cov_sample_191000,/home/lvzhengyang/workspace/BSD-Cov/designs/ibex/dv/bsdcov/experiments/ibex_riscvdv/baseline_200k/sample_cov/baseline_riscvdv_200k_dense_seed888/bsd_cov_sample_191000/report/cov_report.txt,111.33027087099617,81.22,11355,13980,1703,64.55,4520,7002,358,83.22,12004,14425,2371,69.74,3998,5733,5063,72.66,26530,36515,9322,83.22,12004,14425,2371,60.87,84,138,,95.9,374,390,52,8.92,1744,19552,
ibex_200k_riscvdv_baseline,baseline_riscvdv_200k_dense_seed888,888,192,192000,192000,bsd_cov_sample_192000,/home/lvzhengyang/workspace/BSD-Cov/designs/ibex/dv/bsdcov/experiments/ibex_riscvdv/baseline_200k/sample_cov/baseline_riscvdv_200k_dense_seed888/bsd_cov_sample_192000/report/cov_report.txt,113.24981834902428,81.22,11355,13980,1703,64.55,4520,7002,358,83.22,12004,14425,2371,69.74,3998,5733,5063,72.66,26530,36515,9322,83.22,12004,14425,2371,60.87,84,138,,95.9,374,390,52,8.92,1744,19552,
ibex_200k_riscvdv_baseline,baseline_riscvdv_200k_dense_seed888,888,193,193000,193000,bsd_cov_sample_193000,/home/lvzhengyang/workspace/BSD-Cov/designs/ibex/dv/bsdcov/experiments/ibex_riscvdv/baseline_200k/sample_cov/baseline_riscvdv_200k_dense_seed888/bsd_cov_sample_193000/report/cov_report.txt,79.3716408929904,81.22,11355,13980,1703,64.55,4520,7002,358,83.22,12004,14425,2371,69.74,3998,5733,5063,72.66,26530,36515,9322,83.22,12004,14425,2371,60.87,84,138,,95.9,374,390,52,8.92,1744,19552,
ibex_200k_riscvdv_baseline,baseline_riscvdv_200k_dense_seed888,888,194,194000,194000,bsd_cov_sample_194000,/home/lvzhengyang/workspace/BSD-Cov/designs/ibex/dv/bsdcov/experiments/ibex_riscvdv/baseline_200k/sample_cov/baseline_riscvdv_200k_dense_seed888/bsd_cov_sample_194000/report/cov_report.txt,78.76114431896713,81.22,11355,13980,1703,64.55,4520,7002,358,83.22,12004,14425,2371,69.74,3998,5733,5063,72.66,26530,36515,9322,83.22,12004,14425,2371,60.87,84,138,,95.9,374,390,52,8.92,1744,19552,
ibex_200k_riscvdv_baseline,baseline_riscvdv_200k_dense_seed888,888,195,195000,195000,bsd_cov_sample_195000,/home/lvzhengyang/workspace/BSD-Cov/designs/ibex/dv/bsdcov/experiments/ibex_riscvdv/baseline_200k/sample_cov/baseline_riscvdv_200k_dense_seed888/bsd_cov_sample_195000/report/cov_report.txt,78.94264704198577,81.22,11355,13980,1703,64.55,4520,7002,358,83.22,12004,14425,2371,69.74,3998,5733,5063,72.66,26530,36515,9322,83.22,12004,14425,2371,60.87,84,138,,95.9,374,390,52,8.92,1744,19552,
ibex_200k_riscvdv_baseline,baseline_riscvdv_200k_dense_seed888,888,196,196000,196000,bsd_cov_sample_196000,/home/lvzhengyang/workspace/BSD-Cov/designs/ibex/dv/bsdcov/experiments/ibex_riscvdv/baseline_200k/sample_cov/baseline_riscvdv_200k_dense_seed888/bsd_cov_sample_196000/report/cov_report.txt,75.70419580797898,81.35,11373,13980,1703,64.75,4534,7002,358,83.42,12034,14425,2371,69.74,3998,5733,5063,72.66,26530,36515,9322,83.42,12034,14425,2371,60.87,84,138,,95.9,374,390,52,8.92,1744,19552,
ibex_200k_riscvdv_baseline,baseline_riscvdv_200k_dense_seed888,888,197,197000,197000,bsd_cov_sample_197000,/home/lvzhengyang/workspace/BSD-Cov/designs/ibex/dv/bsdcov/experiments/ibex_riscvdv/baseline_200k/sample_cov/baseline_riscvdv_200k_dense_seed888/bsd_cov_sample_197000/report/cov_report.txt,77.28213267895626,81.35,11373,13980,1703,64.75,4534,7002,358,83.42,12034,14425,2371,69.74,3998,5733,5063,72.66,26530,36515,9322,83.42,12034,14425,2371,60.87,84,138,,95.9,374,390,52,8.92,1744,19552,
ibex_200k_riscvdv_baseline,baseline_riscvdv_200k_dense_seed888,888,198,198000,198000,bsd_cov_sample_198000,/home/lvzhengyang/workspace/BSD-Cov/designs/ibex/dv/bsdcov/experiments/ibex_riscvdv/baseline_200k/sample_cov/baseline_riscvdv_200k_dense_seed888/bsd_cov_sample_198000/report/cov_report.txt,75.08772999502253,81.35,11373,13980,1703,64.75,4534,7002,358,83.42,12034,14425,2371,69.74,3998,5733,5063,72.66,26530,36515,9322,83.42,12034,14425,2371,60.87,84,138,,95.9,374,390,52,8.92,1744,19552,
ibex_200k_riscvdv_baseline,baseline_riscvdv_200k_dense_seed888,888,199,199000,199000,bsd_cov_sample_199000,/home/lvzhengyang/workspace/BSD-Cov/designs/ibex/dv/bsdcov/experiments/ibex_riscvdv/baseline_200k/sample_cov/baseline_riscvdv_200k_dense_seed888/bsd_cov_sample_199000/report/cov_report.txt,74.18374782201136,81.35,11373,13980,1703,64.75,4534,7002,358,83.42,12034,14425,2371,69.74,3998,5733,5063,72.66,26530,36515,9322,83.42,12034,14425,2371,60.87,84,138,,95.9,374,390,52,8.92,1744,19552,
ibex_200k_riscvdv_baseline,baseline_riscvdv_200k_dense_seed888,888,200,200000,200000,bsd_cov_sample_200000,/home/lvzhengyang/workspace/BSD-Cov/designs/ibex/dv/bsdcov/experiments/ibex_riscvdv/baseline_200k/sample_cov/baseline_riscvdv_200k_dense_seed888/bsd_cov_sample_200000/report/cov_report.txt,73.04115845897468,81.35,11373,13980,1703,64.75,4534,7002,358,83.42,12034,14425,2371,69.74,3998,5733,5063,72.66,26530,36515,9322,83.42,12034,14425,2371,60.87,84,138,,95.9,374,390,52,8.92,1744,19552,
